WO ref,PROCESS,PART #,PART DESCRIPT,CUSTOMER,HOURS O/S,OP #,OP DESCRIPT,REQ'D DATE,PERIOD
56432/5.02,MILLING,MP/SOI1/VE2037,SPRING HOUSING   VE2037 iss 0,SOIL MACHINE DYNAMICS LIMITED,10.5,20,MILL - REVERSE COUNTERBORE,25/02/2020,
56572/1.02,TURNING,MP/CRE1/CRE-MC1204-MDT,"CRE-MC1204-MDT Rev A   35 DIA LOCKING COLLAR -  TYPE DLSA-M 
*ENCLUDING ENGRAVING DETAIL",C R ENCAPSULATION LIMITED,1.59,20,TURN,15/04/2020,
56903/2.02,MANUAL MACHINING,MP/PER1/B201-278-024/ITEM 1,PORT SIDE END PLATE B201-278-024 ITEM 1,FORUM ENERGY TECHNOLOGIES (UK) LTD,1.17,30,MANUAL MACHINING & FIT PANEL,22/04/2020,
56903/2.02,CNC ROUTERS,MP/PER1/B201-278-024/ITEM 1,PORT SIDE END PLATE B201-278-024 ITEM 1,FORUM ENERGY TECHNOLOGIES (UK) LTD,0.75,20,CNC ROUTER,22/04/2020,
56098/8.01,MANUAL MACHINING,MP/ARW1/24460028708/373982,"TERMINAL BOARD COVER 24460028708
ARW PART No 373982
(INDIVIDUALLY INSPECTED AND BAGGED)",ARW TRANSFORMERS LIMITED,0,30,FOLD,30/04/2020,
57547/2.01,CNC ROUTERS,MP/CAS-/SCREEN/1000Wx1300H,"PROTECTIVE SCREEN
1000mm WIDE X 1300mm HIGH 
3mm CLEAR POLYCARBONATE SCREEN C/W 6mm THICK WHITE PVC LEGS",CASCADE TECHNOLOGIES Ltd,11.67,20,CNC ROUTER - MAIN PANEL,29/07/2020,
57547/2.01,CNC ROUTERS,MP/CAS-/SCREEN/1000Wx1300H,"PROTECTIVE SCREEN
1000mm WIDE X 1300mm HIGH 
3mm CLEAR POLYCARBONATE SCREEN C/W 6mm THICK WHITE PVC LEGS",CASCADE TECHNOLOGIES Ltd,11.67,30,CNC ROUTER - LEGS - SET OF TWO,30/07/2020,
1057,CNC ROUTERS,MP/BEC/DESK-SHIELD/STANDARD,"DESK SHIELD - STANDARD, 1000mm LONG X 750mm TALL, MAIN PANEL 4mm THICK, 6mm THICK LEGS",,0,20,LEGS,12/08/2020,
1057,CNC ROUTERS,MP/BEC/DESK-SHIELD/STANDARD,"DESK SHIELD - STANDARD, 1000mm LONG X 750mm TALL, MAIN PANEL 4mm THICK, 6mm THICK LEGS",,0,30,MAIN BODY,12/08/2020,
57673/1.01,MANUAL MACHINING,MP/CAS1/RIGHTANGLESCREENS/1500X900,"RIGHT ANGLE PANELS, 1500mm x 900mm (material 2400mm long) x 1300mm HIGH c/w 1 x 6mm WHITE PVC LEG + 2 x STEEL LOCATING PUCKS
CLEAR 4mm POLYCARBONATE SCREEN",CASCADE TECHNOLOGIES Ltd,11.67,30,FOLD,18/08/2020,
1058,CNC ROUTERS,MP/BEC/DESK-SHIELD/STANDARD/1MX720MM,"DESK SHIELD - STANDARD, 1000mm LONG X 720mm TALL, MAIN PANEL 4mm THICK, 6mm THICK WHITE PVC LEGS",,5.25,20,LEGS,19/08/2020,
1058,CNC ROUTERS,MP/BEC/DESK-SHIELD/STANDARD/1MX720MM,"DESK SHIELD - STANDARD, 1000mm LONG X 720mm TALL, MAIN PANEL 4mm THICK, 6mm THICK WHITE PVC LEGS",,3.67,30,MAIN BODY,19/08/2020,
1059,CNC ROUTERS,MP/BEC/DESK-SHIELD/STANDARD/600MMX650MM,"DESK SHIELD - STANDARD, 600mm LONG X 650mm TALL, MAIN PANEL 4mm THICK, 6mm THICK LEGS",,5,20,LEGS,19/08/2020,
1059,CNC ROUTERS,MP/BEC/DESK-SHIELD/STANDARD/600MMX650MM,"DESK SHIELD - STANDARD, 600mm LONG X 650mm TALL, MAIN PANEL 4mm THICK, 6mm THICK LEGS",,3.5,30,MAIN BODY,19/08/2020,
1060,CNC ROUTERS,MP/BEC/FLOORSCREEN/NON-STANDARD,"BESPOKE FLOOR SCREEN, 1800mm X 720mm  X 4mm C/W 6mm SIDES",,0,20,MAIN PANEL,20/08/2020,
57675/10.01,MILLING,MP/SOI1/AB0754,PLATE QUADRANT CHEEK AB0754 iss 1,SOIL MACHINE DYNAMICS LIMITED,0.17,30,MILL,27/08/2020,
57675/10.01,MILLING,MP/SOI1/AB0754,PLATE QUADRANT CHEEK AB0754 iss 1,SOIL MACHINE DYNAMICS LIMITED,0.33,40,MILL,27/08/2020,
1062,MANUAL MACHINING,MP/CAS1/RIGHTANGLESCREENS/1500X760,"RIGHT ANGLE PANELS, 1500mm x 760mm (material 2220mm long) x 1300mm HIGH c/w 1 x 6mm WHITE PVC LEG + 2 x STEEL LOCATING PUCKS
CLEAR 4mm POLYCARBONATE SCREEN",,1.33,30,FOLD,02/09/2020,
1064,CNC ROUTERS,MP/BEC/DESK-SHIELD/NON-STANDARD,DESK SAFETY SCREEN,,0.25,20,LEGS,02/09/2020,
57687/1.01,MILLING,MP/SOI1/DE2111,6.3 LITRE COMP   BASE PLATE DE2111 REV 1,SOIL MACHINE DYNAMICS LIMITED,0.68,40,MILL,09/09/2020,
1068,CNC ROUTERS,MP/BEC/SANITISER-STAND-TABLETOP,SANITISER STAND - TABLETOP,,0.58,20,CNC ROUTER,21/09/2020,
57868/2.01,CNC ROUTERS,MP/ALE2/RQ-ICD-00232,RQ-ICD-00232 Rev 0-02   HDPE DOUBLE SUPPORT PLATE (BLACK HDPE) ,ROVQUIP,4.58,20,CNC ROUTER,22/09/2020,
58049/1.01,CNC ROUTERS,MP/LIN1/2100X15X9,"NAT POLYPROP, 2100mm LONG X 15mm WIDE X 9mm THICK ",LINN TECH,0.66,20,CNC ROUTER,02/10/2020,
58062/1.01,CNC ROUTERS,MP/SOI1/AL3900,AL3900 REV 1   TERMATE MOUNTING PLATE,SOIL MACHINE DYNAMICS LIMITED,1.5,20,CNC ROUTER,21/10/2020,
58062/1.01,MANUAL MACHINING,MP/SOI1/AL3900,AL3900 REV 1   TERMATE MOUNTING PLATE,SOIL MACHINE DYNAMICS LIMITED,1.25,30,FINISH,21/10/2020,
58241/1.01,MANUAL MACHINING,MP/SOI1/AA7928,AA7928 iss 0  SLEEVE UMBILICAL COLLAR  ,SOIL MACHINE DYNAMICS LIMITED,1,40,SPLIT,11/11/2020,
58334/2.01,CNC ROUTERS,MP/BEC/SAFETYSCREEN/NON-STANDARD,SAFETY SCREENS ,JOHN MCNEIL INTERIORS,0.49,20,CNC ROUTER,25/11/2020,
58376/1.01,CNC ROUTERS,MP/BEC/SAFETYSCREEN/NON-STANDARD,SAFETY SCREENS ,JOHN MCNEIL INTERIORS,0,20,CNC ROUTER,02/12/2020,
58281/1.01,MILLING,MP/PER1/0452-DET,PLASTIC BODY ELECTRIC PAN & TILT  0452-DET  iss 12,FORUM ENERGY TECHNOLOGIES (UK) LTD,1.08,70,MILL TOP FACE,08/12/2020,
58281/1.01,MILLING,MP/PER1/0452-DET,PLASTIC BODY ELECTRIC PAN & TILT  0452-DET  iss 12,FORUM ENERGY TECHNOLOGIES (UK) LTD,0,60,MILL SIDE HOLES,08/12/2020,
58281/1.01,MILLING,MP/PER1/0452-DET,PLASTIC BODY ELECTRIC PAN & TILT  0452-DET  iss 12,FORUM ENERGY TECHNOLOGIES (UK) LTD,5.5,50,MILL INSIDE DETAIL,08/12/2020,
58281/1.01,MILLING,MP/PER1/0452-DET,PLASTIC BODY ELECTRIC PAN & TILT  0452-DET  iss 12,FORUM ENERGY TECHNOLOGIES (UK) LTD,4,40,MILL 2OFF M62,08/12/2020,
58281/1.01,MILLING,MP/PER1/0452-DET,PLASTIC BODY ELECTRIC PAN & TILT  0452-DET  iss 12,FORUM ENERGY TECHNOLOGIES (UK) LTD,1.08,90,MILL PORT HOLE,09/12/2020,
58281/1.01,MANUAL MACHINING,MP/PER1/0452-DET,PLASTIC BODY ELECTRIC PAN & TILT  0452-DET  iss 12,FORUM ENERGY TECHNOLOGIES (UK) LTD,0.67,100,INSERT,09/12/2020,
58281/1.01,MILLING,MP/PER1/0452-DET,PLASTIC BODY ELECTRIC PAN & TILT  0452-DET  iss 12,FORUM ENERGY TECHNOLOGIES (UK) LTD,4,80,MILL PROFILE AND RAD ENG,09/12/2020,
1073,MANUAL MACHINING,MP/BEC/DESK-STABILISERS,'L' BRACKET DESK STABILISERS - WHITE PVC - 6mm THICK (PAIR),,2.75,30,FOLD,10/12/2020,
1074,MILLING,MP/SOI1/VE2037,SPRING HOUSING   VE2037 iss 0,,10.5,20,MILL - REVERSE COUNTERBORE,22/12/2020,
56352/1.02,TURNING,MP/CRE1/CRE-IC1031-MDT,CRE-IC1031-MDT Rev C   SIZE A HYBRID INSERT FEMALE 5 WAY (EPOXY),C R ENCAPSULATION LIMITED,34.08,20,TURN,25/12/2020,
56352/2.02,TURNING,MP/CRE1/CRE-IC1036-MDT,CRE-IC1036-MDT Rev C   SIZE A HYBRID INSERT FEMALE 9 WAY EPOXY ,C R ENCAPSULATION LIMITED,50.75,20,TURN,28/12/2020,
56352/2.02,MILLING,MP/CRE1/CRE-IC1036-MDT,CRE-IC1036-MDT Rev C   SIZE A HYBRID INSERT FEMALE 9 WAY EPOXY ,C R ENCAPSULATION LIMITED,26,30,MILL,29/12/2020,
56352/3.02,TURNING,MP/CRE1/CRE-IC1398-MDT,CRE-IC1398-MDT  Rev B   SIZE 'A' MSAJ INSERT FEMALE 3 WAY (EPOXY),C R ENCAPSULATION LIMITED,34.33,20,TURN,29/12/2020,
56352/1.02,MILLING,MP/CRE1/CRE-IC1031-MDT,CRE-IC1031-MDT Rev C   SIZE A HYBRID INSERT FEMALE 5 WAY (EPOXY),C R ENCAPSULATION LIMITED,30.17,30,DRILLING,31/12/2020,
56352/2.02,MILLING,MP/CRE1/CRE-IC1036-MDT,CRE-IC1036-MDT Rev C   SIZE A HYBRID INSERT FEMALE 9 WAY EPOXY ,C R ENCAPSULATION LIMITED,56.25,40,DRILLING (1.6 dia),31/12/2020,
56352/3.02,MILLING,MP/CRE1/CRE-IC1398-MDT,CRE-IC1398-MDT  Rev B   SIZE 'A' MSAJ INSERT FEMALE 3 WAY (EPOXY),C R ENCAPSULATION LIMITED,17.67,30,MILL,31/12/2020,
56359/1.02,TURNING,MP/CRE1/MC1544,"MC1544 Iss A   MALE COLLAR - TYPE MCDLS-M 
**EXCLUDING ENGRAVING ",C R ENCAPSULATION LIMITED,11.91,20,TURN,31/12/2020,
56359/2.02,TURNING,MP/CRE1/CRE-MC1203-MDT,"CRE-MC1203-MDT Rev A   35 DIA LOCKING COLLAR - FEMALE 
*EXCLUDES ENGRAVING DETAIL",C R ENCAPSULATION LIMITED,8,20,TURN,31/12/2020,
56806/1.02,TURNING,MP/CRE1/MC1209/22DIAX41,CRE-MC1209-MDT Rev A   LOCKING COLLAR TYPE - MCDLS-F (BLACK ACETAL),C R ENCAPSULATION LIMITED,108.87,20,TURN,31/12/2020,
58381/2.01,MANUAL MACHINING,MP/STE3/B02080093/5/69211310F,"TUBE SILICONE FOR Z15, B02080093  Drg 69211310F  -  As previously supplied",STEATITE LIMITED,0.42,15,SAW/CHOP,07/01/2021,
58381/2.01,TURNING,MP/STE3/B02080093/5/69211310F,"TUBE SILICONE FOR Z15, B02080093  Drg 69211310F  -  As previously supplied",STEATITE LIMITED,1.67,40,TURN,07/01/2021,
58434/1.01,MILLING,MP/CRE1/CRE-IC1207-MDT,CRE-IC1207-MDT Rev B   SIZE 'A' INSERT MALE 7 WAY TYPE 2 (BLACK PEEK),C R ENCAPSULATION LIMITED,3.25,30,DRILLING,07/01/2021,
58583/3.01,MANUAL MACHINING,MP/BEC/LBRACKETS,L BRACKET DESK SCREEN STABILISER (1 PAIR) PRO-TBL-BKT,AG BARR PLC,0.4,30,"
FOLD",13/01/2021,
58583/3.01,CNC ROUTERS,MP/BEC/LBRACKETS,L BRACKET DESK SCREEN STABILISER (1 PAIR) PRO-TBL-BKT,AG BARR PLC,0.95,20,CNC ROUTER,13/01/2021,
58304/2.01,MANUAL MACHINING,MP/AVI1/0020,SEPARATOR (FIXED) TO 0020,AVIAGEN UK LIMITED,7.67,30,MANUAL MACHINING (VARIOUS),29/01/2021,
58625/4.01,TURNING,MP/SOI1/AC9794,AC9794 iss 1   HOUSING UPPER - 6L COMPENSATOR,SOIL MACHINE DYNAMICS LIMITED,2.67,20,TURN,10/02/2021,
58625/4.01,TURNING,MP/SOI1/AC9794,AC9794 iss 1   HOUSING UPPER - 6L COMPENSATOR,SOIL MACHINE DYNAMICS LIMITED,1.67,30,TURN,10/02/2021,
58776/1.01.01,CNC ROUTERS,MP/HYD5/059616HYD-SPACER,"059616HYD, BLACK ACETAL SPACER, 300mm LONG X 32mm WIDE 5mm THICK",HYDRASUN LTD,1.57,20,CNC ROUTER (PER PAIR),10/02/2021,
58776/2.01.01,CNC ROUTERS,MP/HYD5/059653HYD-SPACER,"059653HYD, BLACK ACETAL SPACER, 300mm LONG X 32mm WIDE 5mm THICK",HYDRASUN LTD,4.22,20,CNC ROUTER (PER PAIR),10/02/2021,
58776/3.01.01,CNC ROUTERS,MP/HYD5/059654HYD-SPACER,"059654HYD, BLACK ACETAL SPACER, 300mm LONG X 32mm WIDE 5mm THICK",HYDRASUN LTD,1.57,20,CNC ROUTER (PER PAIR),10/02/2021,
58606/1.01,TURNING,MP/GEO6/15430,"SOCKET RETAINER, TO DRG DD-15430 REV A ",SONDEX WIRELINE LTD,5.58,20,TURN,11/02/2021,
58606/1.01,TURNING,MP/GEO6/15430,"SOCKET RETAINER, TO DRG DD-15430 REV A ",SONDEX WIRELINE LTD,4.17,30,TURN,11/02/2021,
58550/5.01,MILLING,MP/MET3/699-094,699-094 Rev A   TRANSFORMER ASSEMBLY INSULATING END BLOCK  (PEEK GF30) ,METROL TECHNOLOGY LIMITED,10.55,30,MILL,12/02/2021,
58567/5.01,MILLING,MP/MET3/881-007,"881-007 REV A   CENTRALISER, 13mm X 37.5mm X 61.3mm (PEEK GF30)",METROL TECHNOLOGY LIMITED,11.25,20,MILL,12/02/2021,
58606/1.01,MILLING,MP/GEO6/15430,"SOCKET RETAINER, TO DRG DD-15430 REV A ",SONDEX WIRELINE LTD,3.83,50,MILL,12/02/2021,
58606/1.01,TURNING,MP/GEO6/15430,"SOCKET RETAINER, TO DRG DD-15430 REV A ",SONDEX WIRELINE LTD,0.5,40,MANUFACTURE OF JIG OR FIXTURE,12/02/2021,
58638/1.01,MILLING,MP/AVI1/WATER-FLOW-MEASURE,"WATER FLOW MEASURE DEVICE

-SUPPLIED WITH 50ml MEASURING TUBE
-STAINLESS STEEL AVIAGEN LABELS (2 COLOUR) FITTED TO BOTH SIDES",AVIAGEN UK LIMITED,8.51,20,MILL,15/02/2021,
58747/1.01,CNC ROUTERS,MP/BEC/SAFETYSCREEN/NON-STANDARD,SAFETY SCREENS ,CASCADE TECHNOLOGIES Ltd,0,20,CNC ROUTER,15/02/2021,
58747/2.01,CNC ROUTERS,MP/BEC/SAFETYSCREEN/NON-STANDARD,SAFETY SCREENS ,CASCADE TECHNOLOGIES Ltd,0.5,20,CNC ROUTER,15/02/2021,
58557/1.01,CNC ROUTERS,MP/ALS1/MMIS-2R2004-1,MMIS-2R2004-1 Rev 8   110001052   LEFT HAND SHROUD FOR MBM,GE ENERGY POWER CONVERSION LTD,11.21,20,CNC ROUTER,16/02/2021,
58557/2.01,CNC ROUTERS,MP/ALS1/MMIS-2R2005-1,MMIS-2R2005-1 Rev 8   110001053   RIGHT HAND SHROUD FOR MBM ,GE ENERGY POWER CONVERSION LTD,8.2,20,CNC ROUTER,16/02/2021,
58652/2.01,MILLING,MP/GEO6/DD-418243,DD-418243 REV A   INSULATOR GO CONNECTOR UPPER,SONDEX WIRELINE LTD,1.17,40,MILL,16/02/2021,
58652/2.01,MILLING,MP/GEO6/DD-418243,DD-418243 REV A   INSULATOR GO CONNECTOR UPPER,SONDEX WIRELINE LTD,0.17,50,MILL,16/02/2021,
58652/2.01,TURNING,MP/GEO6/DD-418243,DD-418243 REV A   INSULATOR GO CONNECTOR UPPER,SONDEX WIRELINE LTD,0.17,30,TURN,16/02/2021,
58779/1.01,PRESS/SEALING,GR/CLY6/IS22149,GRAPHITE PACKING SET 61.51mm x 42.4mm (PA 22149) DRG IS/22149,CLYDE BERGEMANN LTD,0,10,"CHECK MATERIAL,DRAWING & REV NO",16/02/2021,
58638/1.01,MILLING,MP/AVI1/WATER-FLOW-MEASURE,"WATER FLOW MEASURE DEVICE

-SUPPLIED WITH 50ml MEASURING TUBE
-STAINLESS STEEL AVIAGEN LABELS (2 COLOUR) FITTED TO BOTH SIDES",AVIAGEN UK LIMITED,23.25,30,MILL,17/02/2021,
58638/1.01,MILLING,MP/AVI1/WATER-FLOW-MEASURE,"WATER FLOW MEASURE DEVICE

-SUPPLIED WITH 50ml MEASURING TUBE
-STAINLESS STEEL AVIAGEN LABELS (2 COLOUR) FITTED TO BOTH SIDES",AVIAGEN UK LIMITED,5,40,MILL,17/02/2021,
58653/1.01,MILLING,MP/PLA6/S126000-29-068,"S126000-29-068 REV NC, SLEEVE POSITION INDICATOR - 

**POSSIBLE SLIGHT MIS-MATCH AT THE CENTRE OF I.D. (MACHINED FROM EITHER END)**",PLASTIM LTD,6.42,30,MILL,18/02/2021,
58688/1.01,MILLING,MP/OTA1/W 21 435,W 21 435 SIDE 1(BLUE ACETAL 10mm STOCK THICKNESS),OTAQ OFFSHORE LIMITED,1.5,20,MILL,18/02/2021,
58688/2.01,MILLING,MP/OTA1/W 21 436,"W 21 436 SIDE 2 (BLUE ACETAL, 10mm STOCK THICKNESS) ",OTAQ OFFSHORE LIMITED,1.5,20,MILL,18/02/2021,
58688/3.01,MILLING,MP/OTA1/W 21 437,"W 21 437 BASE PLATE (BLAUE ACETAL, 16mm STOCK THICKNESS) (INSERTS M5 X3D)",OTAQ OFFSHORE LIMITED,1.75,20,MILL,18/02/2021,
58688/4.01,MILLING,MP/OTA1/W 21 438,"W 21 438 MIDDLE PLATE, (BLUE ACETAL, 16mm STOCK THICKNESS) (INSERTS M5 X 3D)",OTAQ OFFSHORE LIMITED,1.75,20,MILL,18/02/2021,
58688/6.01,MILLING,MP/OTA1/W 21 440,W 21 440 BRACKET (BLUE ACETAL),OTAQ OFFSHORE LIMITED,2,20,MILL,18/02/2021,
58708/1.01,MILLING,MP/CRE1/CRE-JF2000-MDT,CRE-JF2000-MDT REV 01   PIN LOCATOR BLOCK - SIE 'A' - 8 WAY HYBRID (NATURAL PEEK),C R ENCAPSULATION LIMITED,2,30,MILL,18/02/2021,
58779/1.01,PRESS/SEALING,GR/CLY6/IS22149,GRAPHITE PACKING SET 61.51mm x 42.4mm (PA 22149) DRG IS/22149,CLYDE BERGEMANN LTD,6.77,20,PRESS/SEALING,18/02/2021,
58667/1.01,MILLING,MP/DIV1/CSTF1002005S1/1000/401,CSTF1002005S1 Rev R0 / 1000/401 ISS B   TUBE,JFD LIMITED,0.98,30,MILL,19/02/2021,
58667/2.01,TURNING,MP/DIV1/CSTF1002006S1/1000/402,CSTF1002006S1 Rev R0 / 1000/402 ISS C   SENSING RING,JFD LIMITED,0,20,TURN,19/02/2021,
58667/2.01,MILLING,MP/DIV1/CSTF1002006S1/1000/402,CSTF1002006S1 Rev R0 / 1000/402 ISS C   SENSING RING,JFD LIMITED,2,30,MILL,19/02/2021,
58667/3.01,MILLING,MP/DIV1/CSTF1002007S1,"CSTF1002007S1 REV R01   FABRICATION, SENSING RING, REDUCING BUSH, 1-1/2"" BSP - 1-1/4"" BSP",JFD LIMITED,1.08,40,MILL,19/02/2021,
58667/4.01,MILLING,MP/DIV1/CSTF1002011S1/1000/407,CSTF1002011S1 Rev R0 / 1000/407 ISS A   MOTOR SUPPORT TUBE,JFD LIMITED,1.4,30,MILL,19/02/2021,
58667/6.01,MILLING,MP/DIV1/CSTF1002015S1/1000/411,CSTF1002015S1 Rev R0 / 1000/411 ISS A   BUFFER TUBE ASSY,JFD LIMITED,0.7,30,DRILL & TAP PVC PLUG,19/02/2021,
58667/7.01,TURNING,MP/DIV1/CSTF1002016S1,"CSTF1002016S1 REV R00   FABRICATION, SENSING RING, HOSE TAIL, 1-1/4"" BSP - 25mm POLYPROPYLENE ",JFD LIMITED,0.13,30,TURN,19/02/2021,
58667/7.01,MILLING,MP/DIV1/CSTF1002016S1,"CSTF1002016S1 REV R00   FABRICATION, SENSING RING, HOSE TAIL, 1-1/4"" BSP - 25mm POLYPROPYLENE ",JFD LIMITED,0.92,40,MILL,19/02/2021,
58676/2.01,TURNING,MP/OTA1/W-18-294,"W-18-294,  FIPCAM FRONT ENDCAP, (BLUE ACETAL)",OTAQ OFFSHORE LIMITED,2.25,20,TURN,19/02/2021,
58676/3.01,TURNING,MP/OTA1/W-18-293,W-18-293  FIPC ENDCAP 1 ACETAL (BLUE),OTAQ OFFSHORE LIMITED,2.67,20,TURN,19/02/2021,
58676/4.01,TURNING,MP/OTA1/W-18-292,"W-18-292, FIPVAM BODYTUBE ACETAL, (BLUE ACETAL)",OTAQ OFFSHORE LIMITED,2.04,20,TURN,19/02/2021,
58711/1.01,MILLING,MP/DIV1/C5092,C5092 REV C   MOUNTING BLOCK (BLACK CAST NYLON OFFERED),JFD LIMITED,1.5,20,MILL,19/02/2021,
58711/1.01,MILLING,MP/DIV1/C5092,C5092 REV C   MOUNTING BLOCK (BLACK CAST NYLON OFFERED),JFD LIMITED,0.08,30,MILL,19/02/2021,
58801/1.01,CNC ROUTERS,MP/ALE2/RQ-ICD-00232,RQ-ICD-00232 Rev 0-02   HDPE DOUBLE SUPPORT PLATE (BLACK HDPE) ,ALERON SUBSEA LIMITED,3.23,20,CNC ROUTER,19/02/2021,
58808/2.01,TURNING,MP/MET3/771-377,"771-377 REV A   MOUNT BLOCK, ELECTRICAL CONNECTOR, M14.5x1 P, 37mm LG",METROL TECHNOLOGY LIMITED,3.29,20,TURN,19/02/2021,
58557/1.01,MANUAL MACHINING,MP/ALS1/MMIS-2R2004-1,MMIS-2R2004-1 Rev 8   110001052   LEFT HAND SHROUD FOR MBM,GE ENERGY POWER CONVERSION LTD,7.88,30,MANUAL MACHINING (VARIOUS),22/02/2021,
58557/2.01,MANUAL MACHINING,MP/ALS1/MMIS-2R2005-1,MMIS-2R2005-1 Rev 8   110001053   RIGHT HAND SHROUD FOR MBM ,GE ENERGY POWER CONVERSION LTD,28.25,30,MANUAL MACHINING (VARIOUS),22/02/2021,
58607/1.01,MILLING,MP/IMP2/10402-0656-REV02,10402-0656  Rev 02   Tooling Carriage Male Acid Injection Coupler,FUGRO GB (NORTH) MARINE LTD,0.03,50,MILL,22/02/2021,
58607/1.01,MILLING,MP/IMP2/10402-0656-REV02,10402-0656  Rev 02   Tooling Carriage Male Acid Injection Coupler,FUGRO GB (NORTH) MARINE LTD,1.1,40,MILL,22/02/2021,
58607/1.01,TURNING,MP/IMP2/10402-0656-REV02,10402-0656  Rev 02   Tooling Carriage Male Acid Injection Coupler,FUGRO GB (NORTH) MARINE LTD,0.05,30,TURN,22/02/2021,
58607/1.01,MILLING,MP/IMP2/10402-0656-REV02,10402-0656  Rev 02   Tooling Carriage Male Acid Injection Coupler,FUGRO GB (NORTH) MARINE LTD,0.03,60,ENGRAVE,22/02/2021,
58676/1.01,MILLING,MP/OTA1/W-19-354,"W-19-354,  FIPCAM WINDOW HOLDER, (BLUE ACETAL)",OTAQ OFFSHORE LIMITED,2,30,MILL,22/02/2021,
58676/1.01,TURNING,MP/OTA1/W-19-354,"W-19-354,  FIPCAM WINDOW HOLDER, (BLUE ACETAL)",OTAQ OFFSHORE LIMITED,2.04,20,TURN,22/02/2021,
58676/2.01,MILLING,MP/OTA1/W-18-294,"W-18-294,  FIPCAM FRONT ENDCAP, (BLUE ACETAL)",OTAQ OFFSHORE LIMITED,5.17,30,MILL,22/02/2021,
58676/3.01,MILLING,MP/OTA1/W-18-293,W-18-293  FIPC ENDCAP 1 ACETAL (BLUE),OTAQ OFFSHORE LIMITED,3.25,40,MILL,22/02/2021,
58676/3.01,TURNING,MP/OTA1/W-18-293,W-18-293  FIPC ENDCAP 1 ACETAL (BLUE),OTAQ OFFSHORE LIMITED,0.83,30,TURN,22/02/2021,
58676/4.01,MILLING,MP/OTA1/W-18-292,"W-18-292, FIPVAM BODYTUBE ACETAL, (BLUE ACETAL)",OTAQ OFFSHORE LIMITED,5.17,30,MILL,22/02/2021,
58808/2.01,MILLING,MP/MET3/771-377,"771-377 REV A   MOUNT BLOCK, ELECTRICAL CONNECTOR, M14.5x1 P, 37mm LG",METROL TECHNOLOGY LIMITED,6.45,30,MILL,22/02/2021,
50047/5.01,MANUAL MACHINING,MP/THA2/LDUK10005615-003,"COMPRESSION PAD, LDUK10005615-003 iss 1 (PORON 4701-40-20062-04)",THALES UK LIMITED,1.5,30,bag and tag,23/02/2021,
50047/5.01,MANUAL MACHINING,MP/THA2/LDUK10005615-003,"COMPRESSION PAD, LDUK10005615-003 iss 1 (PORON 4701-40-20062-04)",THALES UK LIMITED,3.17,20,PUNCH,23/02/2021,
58492/1.01,MILLING,MP/WAL3/01-00113X02,01-00113X02 Rev 00   SSPA SIDE PLATE SPACER (PEEK 30% GLASS FILLED),WALKER PRECISION ENGINEERING Ltd,14.5,20,MILL,23/02/2021,
58745/3.01,TURNING,MP/SOI1/DE2085,PISTON HOUSING BOTTOM DE2085 iss 4,SOIL MACHINE DYNAMICS LIMITED,0,10,"CHECK MATERIAL,DRAWING & REV NO",23/02/2021,
58745/3.01,TURNING,MP/SOI1/DE2085,PISTON HOUSING BOTTOM DE2085 iss 4,SOIL MACHINE DYNAMICS LIMITED,0.67,20,CUTTING MATERIAL,23/02/2021,
58758/1.01,PRESS/SEALING,GR/KEN1/P900973,"GRAPHITE RING, 23.30mm x 20.95mm x 2.15mm, DENSITY 1.6g/cc  P900973 REV B (WEIGHT 0.30/0.27gms)",SWAGELOK LIMITED,8.33,20,CUT/MEASURE TAPE,23/02/2021,
58782/1.01,TURNING,MP/LIN2/LK109,LK109  Iss 02    AGA Mic Housing (Weatherproof),OTAQ OFFSHORE LIMITED,2.28,20,TURN,23/02/2021,
58700/1.01,TURNING,MP/PER1/1448-DET,"SPACER RACK - 30 DEG, DRG 1448-DET ISS 2, NATURAL",FORUM ENERGY TECHNOLOGIES (UK) LTD,2.42,20,TURN,24/02/2021,
58700/6.01,TURNING,MP/PER1/2511-DET,"COMP BODY - 50cc-SPE250, 2511-DET REV 3",FORUM ENERGY TECHNOLOGIES (UK) LTD,1.67,20,TURN,24/02/2021,
58700/6.01,TURNING,MP/PER1/2511-DET,"COMP BODY - 50cc-SPE250, 2511-DET REV 3",FORUM ENERGY TECHNOLOGIES (UK) LTD,0.5,30,TURN,24/02/2021,
58700/6.01,TURNING,MP/PER1/2511-DET,"COMP BODY - 50cc-SPE250, 2511-DET REV 3",FORUM ENERGY TECHNOLOGIES (UK) LTD,1.08,40,TURN,24/02/2021,
58733/1.01,TURNING,MP/CRE1/CRE-MC3305-MDT,CRE-MC3305-MDT REV 01   M16 NUT NAUTRONIX CABLE ASSEMBLY 0111-0260 (450G PEEK),C R ENCAPSULATION LIMITED,2.88,20,TURN,24/02/2021,
58733/1.01,MILLING,MP/CRE1/CRE-MC3305-MDT,CRE-MC3305-MDT REV 01   M16 NUT NAUTRONIX CABLE ASSEMBLY 0111-0260 (450G PEEK),C R ENCAPSULATION LIMITED,2.83,30,MILL,24/02/2021,
58733/2.01,TURNING,MP/CRE1/CRE-MC3304-MDT,CRE-MC3304-MDT REV 01   M16 BOLT - NAUTRONIX CABLE ASSEMBLY 011-0260 (450G PEEK),C R ENCAPSULATION LIMITED,3.08,20,TURN,24/02/2021,
58733/2.01,MILLING,MP/CRE1/CRE-MC3304-MDT,CRE-MC3304-MDT REV 01   M16 BOLT - NAUTRONIX CABLE ASSEMBLY 011-0260 (450G PEEK),C R ENCAPSULATION LIMITED,2,30,MILL,24/02/2021,
58733/3.01,MILLING,MP/CRE1/CRE-IC1039-MDT,CRE-IC1039-MDT Rev C   SIZE 'A' HYBRID INSERT MALE 4 WAY (EPOXY),C R ENCAPSULATION LIMITED,2.83,30,DRILLING,24/02/2021,
58733/3.01,TURNING,MP/CRE1/CRE-IC1039-MDT,CRE-IC1039-MDT Rev C   SIZE 'A' HYBRID INSERT MALE 4 WAY (EPOXY),C R ENCAPSULATION LIMITED,9.08,20,TURN,24/02/2021,
58733/4.01,TURNING,MP/CRE1/CRE-IC1030-MDT,CRE-IC1030-MDT Rev C   INSERT SIZE A FEMALE 4-WAY (BLACK EPOXY) ,C R ENCAPSULATION LIMITED,3.44,20,TURN,24/02/2021,
58733/4.01,MILLING,MP/CRE1/CRE-IC1030-MDT,CRE-IC1030-MDT Rev C   INSERT SIZE A FEMALE 4-WAY (BLACK EPOXY) ,C R ENCAPSULATION LIMITED,3.83,30,DRILLING,24/02/2021,
58733/5.01,TURNING,MP/CRE1/CRE-IC1162-MDT,CRE-IC1162-MDT Rev C   SIZE 'B' HYBRID INSERT FEMALE 7 WAY (EPOXY),C R ENCAPSULATION LIMITED,3.08,20,TURN,24/02/2021,
58733/5.01,MILLING,MP/CRE1/CRE-IC1162-MDT,CRE-IC1162-MDT Rev C   SIZE 'B' HYBRID INSERT FEMALE 7 WAY (EPOXY),C R ENCAPSULATION LIMITED,3.08,30,DRILLING,24/02/2021,
58733/6.01,TURNING,MP/CRE1/CRE-IC1166-MDT,CRE-IC1166-MDT Rev B   SIZE 'C' HYBRID INSERT MALE 16 WAY (EPOXY),C R ENCAPSULATION LIMITED,2.58,15,TURN,24/02/2021,
58733/6.01,MILLING,MP/CRE1/CRE-IC1166-MDT,CRE-IC1166-MDT Rev B   SIZE 'C' HYBRID INSERT MALE 16 WAY (EPOXY),C R ENCAPSULATION LIMITED,3.04,20,DRILLING ,24/02/2021,
58733/7.01,TURNING,MP/CRE1/CRE-IC1163-MDT,CRE-IC1163-MDT Rev C   INSERT SIZE B MALE 7-WAY (BLACK EPOXY),C R ENCAPSULATION LIMITED,3.08,20,TURN,24/02/2021,
58733/7.01,MILLING,MP/CRE1/CRE-IC1163-MDT,CRE-IC1163-MDT Rev C   INSERT SIZE B MALE 7-WAY (BLACK EPOXY),C R ENCAPSULATION LIMITED,1.92,30,DRILLING,24/02/2021,
58733/8.01,TURNING,MP/CRE1/CRE-MC3313-MDT,CRE-MC3313-MDT REV 01   ROV SWITCH MAGNET BOLT CAP (450G PEEK),C R ENCAPSULATION LIMITED,1.73,20,TURN,24/02/2021,
58742/1.01,MILLING,MP/PER1/2023-DET,RETAINER - INSERT FEMALE  2023-DET REV4,FORUM ENERGY TECHNOLOGIES (UK) LTD,0.88,30,MILL,24/02/2021,
58744/1.01,MILLING,MP/PER1/2412-DET.,270cc COMPENSATOR HOUSING  2412-DET REV 3,FORUM ENERGY TECHNOLOGIES (UK) LTD,1.25,50,MILL,24/02/2021,
58744/1.01,TURNING,MP/PER1/2412-DET.,270cc COMPENSATOR HOUSING  2412-DET REV 3,FORUM ENERGY TECHNOLOGIES (UK) LTD,0.25,40,TURN,24/02/2021,
58744/1.01,TURNING,MP/PER1/2412-DET.,270cc COMPENSATOR HOUSING  2412-DET REV 3,FORUM ENERGY TECHNOLOGIES (UK) LTD,1.15,20,TURN,24/02/2021,
58745/1.01,TURNING,MP/SOI1/DE2089,COUPLING FLANGE   DE2089 rev 4,SOIL MACHINE DYNAMICS LIMITED,1.58,20,TURN,24/02/2021,
58745/3.01,MILLING,MP/SOI1/DE2085,PISTON HOUSING BOTTOM DE2085 iss 4,SOIL MACHINE DYNAMICS LIMITED,4.08,50,MILL,24/02/2021,
58745/3.01,TURNING,MP/SOI1/DE2085,PISTON HOUSING BOTTOM DE2085 iss 4,SOIL MACHINE DYNAMICS LIMITED,3.25,30,TURN,24/02/2021,
58745/3.01,TURNING,MP/SOI1/DE2085,PISTON HOUSING BOTTOM DE2085 iss 4,SOIL MACHINE DYNAMICS LIMITED,2.5,40,TURN,24/02/2021,
58745/5.01,TURNING,MP/SOI1/DE2086,PRESSURE HOUSING DE2086 iss 4,SOIL MACHINE DYNAMICS LIMITED,3.25,30,TURN,24/02/2021,
58745/5.01,MANUAL MACHINING,MP/SOI1/DE2086,PRESSURE HOUSING DE2086 iss 4,SOIL MACHINE DYNAMICS LIMITED,0.33,20,SAW,24/02/2021,
58762/5.01,TURNING,MP/SOI1/AB3123,ROLLER CHAIN IDLER  AB3123 ISS 0,SOIL MACHINE DYNAMICS LIMITED,1.3,20,TURN,24/02/2021,
58762/5.01,TURNING,MP/SOI1/AB3123,ROLLER CHAIN IDLER  AB3123 ISS 0,SOIL MACHINE DYNAMICS LIMITED,1,40,TURN,24/02/2021,
58762/5.01,TURNING,MP/SOI1/AB3123,ROLLER CHAIN IDLER  AB3123 ISS 0,SOIL MACHINE DYNAMICS LIMITED,0.3,30,TURN,24/02/2021,
58762/6.01,MANUAL MACHINING,MP/SOI1/AG7488,COVER PLATE POD TMS 3000m AG7488 REV 1,SOIL MACHINE DYNAMICS LIMITED,0,50,INSERT,24/02/2021,
58762/6.01,MILLING,MP/SOI1/AG7488,COVER PLATE POD TMS 3000m AG7488 REV 1,SOIL MACHINE DYNAMICS LIMITED,0.75,40,MILL,24/02/2021,
58762/6.01,MILLING,MP/SOI1/AG7488,COVER PLATE POD TMS 3000m AG7488 REV 1,SOIL MACHINE DYNAMICS LIMITED,5,30,MILL,24/02/2021,
58787/1.01,MILLING,MP/ROS5/PAD/29513-007,29513-007 Rev 01   NATURAL NYLON REST BLOCKS,ROSS-SHIRE ENGINEERING,1.25,20,MILL,24/02/2021,
58787/1.01,MILLING,MP/ROS5/PAD/29513-007,29513-007 Rev 01   NATURAL NYLON REST BLOCKS,ROSS-SHIRE ENGINEERING,0.2,30,MILL,24/02/2021,
58797/1.01,MANUAL MACHINING,MP/ALS1/MMID-2R2036-1,MMID-2R2036-1 REV 1   GLASTIC SUPPORT CHANNEL,GE ENERGY POWER CONVERSION LTD,1,20,MANUFACTURE OF JIG OR FIXTURE,24/02/2021,
58797/2.01,MANUAL MACHINING,MP/ALS1/MMID-2R2036-2,MMID-2R2036-2 REV 1   GLASTIC SUPPORT CHANNEL,GE ENERGY POWER CONVERSION LTD,1,20,MANUFACTURE OF JIG OR FIXTURE,24/02/2021,
58832/1.01,MANUAL MACHINING,MP/SOI1/AF2722,COVER UMB TERM. AF2722 iss 0,SOIL MACHINE DYNAMICS LIMITED,1.5,30,FINISH,24/02/2021,
58832/1.01,CNC ROUTERS,MP/SOI1/AF2722,COVER UMB TERM. AF2722 iss 0,SOIL MACHINE DYNAMICS LIMITED,6.25,20,CNC ROUTER,24/02/2021,
1075,MILLING,MP/CLY6/IS24835,"PACKING SET FOR PS TYPE SOOTBLOWERS, CARBON FILLED PTFE, DRG IS_24835  REV A (NOW SPLIT)",,1,40,MILL (single 45 degree split),25/02/2021,
58492/1.01,TURNING,MP/WAL3/01-00113X02,01-00113X02 Rev 00   SSPA SIDE PLATE SPACER (PEEK 30% GLASS FILLED),WALKER PRECISION ENGINEERING Ltd,13.92,30,TURN,25/02/2021,
58692/1.01,PRESS/SEALING,GR/KEN1/P004136,"GRAPHITE RINGS TO DRG P004136 REV D, 21.95 x 19.05 x 4.6mm",SWAGELOK LIMITED,6.6,20,PRESS/SEALING,25/02/2021,
58700/1.01,MILLING,MP/PER1/1448-DET,"SPACER RACK - 30 DEG, DRG 1448-DET ISS 2, NATURAL",FORUM ENERGY TECHNOLOGIES (UK) LTD,3.33,50,MILL,25/02/2021,
58700/1.01,MILLING,MP/PER1/1448-DET,"SPACER RACK - 30 DEG, DRG 1448-DET ISS 2, NATURAL",FORUM ENERGY TECHNOLOGIES (UK) LTD,0.5,40,MANUFACTURE OF JIG OR FIXTURE,25/02/2021,
58700/1.01,MILLING,MP/PER1/1448-DET,"SPACER RACK - 30 DEG, DRG 1448-DET ISS 2, NATURAL",FORUM ENERGY TECHNOLOGIES (UK) LTD,4.08,30,MILL,25/02/2021,
58700/6.01,MILLING,MP/PER1/2511-DET,"COMP BODY - 50cc-SPE250, 2511-DET REV 3",FORUM ENERGY TECHNOLOGIES (UK) LTD,4.33,50,MILL,25/02/2021,
58712/4.01,TURNING,MP/DIV1/SRV1031022112S1,"SRV1031022112S1 REV R01   AFT CAMERA SPACER (ACETAL, BLACK)",JFD LIMITED,1.22,20,TURN,25/02/2021,
58712/5.01,MILLING,MP/DIV1/SRV1031022293S1,"SRV1031022293S1 REV R00   FABRICATION, ALTIMETER CLAMP BASE (ACETAL, BLACK)",JFD LIMITED,2.1,20,MILL,25/02/2021,
58712/6.01,MILLING,MP/DIV1/SRV1031022294S1,"SRV1031022294S1 REV R00   FABRICATION, ALTIMETER CLAMP TOP (ACETAL, BLACK)",JFD LIMITED,2,20,MILL,25/02/2021,
58712/7.01,TURNING,MP/DIV1/SRV1031032064S1,"SRV1031032064S1 REV R00   FABRICATION, PACKER, 3MM THK, SKIRT FLOOR (ACETAL, BLACK)",JFD LIMITED,0.95,20,TURN,25/02/2021,
58712/8.01,MILLING,MP/DIV1/SRV1031122108S1,"SRV1031122108S1 REV R00   FABRICATION, RETAINER GUIDE (ACETAL, BLACK)",JFD LIMITED,2.25,20,MILL,25/02/2021,
58720/1.01,TURNING,MP/MET3/532-461,"532-461 REV A   SPACER, SLEEVE, 12.4mm OD, 55,4mm MuL (PEEK 450G)",METROL TECHNOLOGY LIMITED,5.25,20,TURN,25/02/2021,
58720/1.01,MILLING,MP/MET3/532-461,"532-461 REV A   SPACER, SLEEVE, 12.4mm OD, 55,4mm MuL (PEEK 450G)",METROL TECHNOLOGY LIMITED,2.42,30,MILL,25/02/2021,
58725/1.01,TURNING,MP/DIV1/DB5003928,"ADAPTOR, BLANKING, LEE JET, TTK, COBRA  DB5003928  Rev R01",JFD LIMITED,2.92,20,TURN,25/02/2021,
58731/1.01,TURNING,MP/BRO2/FILLER_NOZZLE/COLOUR/110LG/9.2dia,"FILLER NOZZLE L-HAND THREAD 
110 LONG, 9.2 dia NOZZLE (MATERIAL YELLOW ACETAL)",BROXBURN BOTTLERS,1.67,30,TURN,25/02/2021,
58731/1.01,TURNING,MP/BRO2/FILLER_NOZZLE/COLOUR/110LG/9.2dia,"FILLER NOZZLE L-HAND THREAD 
110 LONG, 9.2 dia NOZZLE (MATERIAL YELLOW ACETAL)",BROXBURN BOTTLERS,2.17,40,TURN THREAD LH,25/02/2021,
58731/1.01,TURNING,MP/BRO2/FILLER_NOZZLE/COLOUR/110LG/9.2dia,"FILLER NOZZLE L-HAND THREAD 
110 LONG, 9.2 dia NOZZLE (MATERIAL YELLOW ACETAL)",BROXBURN BOTTLERS,0.25,50,SPLIT BUSH,25/02/2021,
58731/1.01,TURNING,MP/BRO2/FILLER_NOZZLE/COLOUR/110LG/9.2dia,"FILLER NOZZLE L-HAND THREAD 
110 LONG, 9.2 dia NOZZLE (MATERIAL YELLOW ACETAL)",BROXBURN BOTTLERS,2.67,20,TURN,25/02/2021,
58731/2.01,TURNING,MP/BRO2/FILLER_NOZZLE/WHITE/110LG/7dia,"FILLER NOZZLE L-HAND THREAD 
110 LONG, 7 dia NOZZLE (MATERIAL RED ACETAL)

(NO CROSS-DRILLED HOLE)
",BROXBURN BOTTLERS,2.67,20,TURN,25/02/2021,
58731/2.01,TURNING,MP/BRO2/FILLER_NOZZLE/WHITE/110LG/7dia,"FILLER NOZZLE L-HAND THREAD 
110 LONG, 7 dia NOZZLE (MATERIAL RED ACETAL)

(NO CROSS-DRILLED HOLE)
",BROXBURN BOTTLERS,1.67,30,TURN,25/02/2021,
58731/2.01,TURNING,MP/BRO2/FILLER_NOZZLE/WHITE/110LG/7dia,"FILLER NOZZLE L-HAND THREAD 
110 LONG, 7 dia NOZZLE (MATERIAL RED ACETAL)

(NO CROSS-DRILLED HOLE)
",BROXBURN BOTTLERS,2.17,40,TURN THREAD LH,25/02/2021,
58731/2.01,TURNING,MP/BRO2/FILLER_NOZZLE/WHITE/110LG/7dia,"FILLER NOZZLE L-HAND THREAD 
110 LONG, 7 dia NOZZLE (MATERIAL RED ACETAL)

(NO CROSS-DRILLED HOLE)
",BROXBURN BOTTLERS,0.25,50,SPLIT BUSH,25/02/2021,
58738/1.01,TURNING,MP/RED3/6091 09,6091 09 REV A CYLINDER CLEVIS SPACER (BLACK CAST NYLON6),REDBRIDGE ENGINEERING,0.95,20,TURN,25/02/2021,
58738/2.01,TURNING,MP/RED3/6091 16,6091 16 REV A  CLEVIS SHIELD (BLACK CAST NYLON6),REDBRIDGE ENGINEERING,1.08,20,TURN,25/02/2021,
58752/1.01,TURNING,MP/OTA1/W-18-296,W-18-296  FRONT ENDCAP - EAGLE IP Z/300 (BLUE ACETAL),OTAQ OFFSHORE LIMITED,0.42,30,TURN,25/02/2021,
58752/1.01,TURNING,MP/OTA1/W-18-296,W-18-296  FRONT ENDCAP - EAGLE IP Z/300 (BLUE ACETAL),OTAQ OFFSHORE LIMITED,1.75,20,TURN,25/02/2021,
58783/3.01,TURNING,MP/CRE1/CRE-MC3301-MDT,CRE-MC3301-MDT REV 04   SIZE 'A' EXTENDED PEEK CONNECTOR BODY - MOULDED,C R ENCAPSULATION LIMITED,17.5,20,TURN,25/02/2021,
58783/3.01,TURNING,MP/CRE1/CRE-MC3301-MDT,CRE-MC3301-MDT REV 04   SIZE 'A' EXTENDED PEEK CONNECTOR BODY - MOULDED,C R ENCAPSULATION LIMITED,0.5,30,MANUFACTURE OF JIG OR FIXTURE,25/02/2021,
58797/1.01,MANUAL MACHINING,MP/ALS1/MMID-2R2036-1,MMID-2R2036-1 REV 1   GLASTIC SUPPORT CHANNEL,GE ENERGY POWER CONVERSION LTD,6,30,"SAW, DRILL, C'SINK, SLOT",25/02/2021,
58797/2.01,MANUAL MACHINING,MP/ALS1/MMID-2R2036-2,MMID-2R2036-2 REV 1   GLASTIC SUPPORT CHANNEL,GE ENERGY POWER CONVERSION LTD,6,30,"SAW, DRILL, C'SINK, SLOT",25/02/2021,
58843/1.01,TURNING,MP/CRE1/CRE-IC1426-MDT,CRE-IC1426-MDT REV B   INSERT SIZE 'B' FEMALE - 4 WAY TYPE 2 (FROM SIZE B BILLET),C R ENCAPSULATION LIMITED,1.33,20,TURN,25/02/2021,
58843/1.01,MILLING,MP/CRE1/CRE-IC1426-MDT,CRE-IC1426-MDT REV B   INSERT SIZE 'B' FEMALE - 4 WAY TYPE 2 (FROM SIZE B BILLET),C R ENCAPSULATION LIMITED,1.08,30,MILL,25/02/2021,
58843/2.01,TURNING,MP/CRE1/CRE-IC1042-MDT,CRE-IC1042-MDT  Rev C   SIZE 'A' HYBRID INSERT MALE 7 WAY (EPOXY),C R ENCAPSULATION LIMITED,1.25,20,TURN,25/02/2021,
58843/2.01,MILLING,MP/CRE1/CRE-IC1042-MDT,CRE-IC1042-MDT  Rev C   SIZE 'A' HYBRID INSERT MALE 7 WAY (EPOXY),C R ENCAPSULATION LIMITED,1.44,30,DRILLING,25/02/2021,
58705/1.01,MILLING,MP/ALE2/RQ-ICD-00637,"RQ-ICD-00637 REV 02   PENDANT MASTER CONTROLLER, BASE (ACETAL - BLACK)",ALERON SUBSEA LIMITED,5.5,20,MILL,26/02/2021,
58705/1.01,MILLING,MP/ALE2/RQ-ICD-00637,"RQ-ICD-00637 REV 02   PENDANT MASTER CONTROLLER, BASE (ACETAL - BLACK)",ALERON SUBSEA LIMITED,0.75,30,MANUFACTURE OF JIG OR FIXTURE,26/02/2021,
58720/1.01,MILLING,MP/MET3/532-461,"532-461 REV A   SPACER, SLEEVE, 12.4mm OD, 55,4mm MuL (PEEK 450G)",METROL TECHNOLOGY LIMITED,1.92,40,ENGRAVE,26/02/2021,
58720/1.01,MILLING,MP/MET3/532-461,"532-461 REV A   SPACER, SLEEVE, 12.4mm OD, 55,4mm MuL (PEEK 450G)",METROL TECHNOLOGY LIMITED,2.58,50,MILL,26/02/2021,
58731/1.01,MILLING,MP/BRO2/FILLER_NOZZLE/COLOUR/110LG/9.2dia,"FILLER NOZZLE L-HAND THREAD 
110 LONG, 9.2 dia NOZZLE (MATERIAL YELLOW ACETAL)",BROXBURN BOTTLERS,4.08,60,MILL PTG ANGLED ,26/02/2021,
58731/2.01,MILLING,MP/BRO2/FILLER_NOZZLE/WHITE/110LG/7dia,"FILLER NOZZLE L-HAND THREAD 
110 LONG, 7 dia NOZZLE (MATERIAL RED ACETAL)

(NO CROSS-DRILLED HOLE)
",BROXBURN BOTTLERS,4.08,60,MILL PTG ANGLED ,26/02/2021,
58737/1.01,MILLING,MP/COD1/DP0093-ME-57-DT,"DP0093-ME-57-DT ISS 01, NYLON LIFTING HANDLE (NATURAL NYLON6) - ITEM CODE HW0000808",CODA OCTOPUS PRODUCTS LTD,9,20,MILL,26/02/2021,
58737/2.01,MILLING,MP/COD1/DP0093-ME-56-DT,"DP0093-ME-56-DT ISS 01, SUPPORT PROTECTION SKID (NATURAL NYLON6G) - ITEM CODE HW0000807",CODA OCTOPUS PRODUCTS LTD,6,20,MILL,26/02/2021,
58737/3.01,MILLING,MP/COD1/DP0093-ME-60-DT,"DP0093-ME-60-DT ISS 01, ANGLED LIFTING HANDLE(NATURAL NYLON6)- ITEM CODE HW0000811",CODA OCTOPUS PRODUCTS LTD,21.5,20,"
MILL",26/02/2021,
58737/4.01,MILLING,MP/COD1/DP0093-ME-59-DT,DP0093-ME-59-DT ISSS 01 BASE PROTECTION SKID (NATURAL NYLON6G) - ITEM CODE HW0000810,CODA OCTOPUS PRODUCTS LTD,6,20,MILL,26/02/2021,
58737/5.01,MILLING,MP/COD1/DP0093-ME-55-DT,DP0093-ME-55-DT ISS 01 REAR BASE SKID(NATURAL NYLON 6G) - ITEM CODE HW0000806,CODA OCTOPUS PRODUCTS LTD,4.75,20,MILL,26/02/2021,
58752/1.01,MILLING,MP/OTA1/W-18-296,W-18-296  FRONT ENDCAP - EAGLE IP Z/300 (BLUE ACETAL),OTAQ OFFSHORE LIMITED,3.25,40,MILL,26/02/2021,
58752/1.01,MILLING,MP/OTA1/W-18-296,W-18-296  FRONT ENDCAP - EAGLE IP Z/300 (BLUE ACETAL),OTAQ OFFSHORE LIMITED,1.33,50,MILL,26/02/2021,
58752/2.01,MILLING,MP/OTA1/W-18-297,W-18-297  END CAP EAGLE IP Z/300 (BLUEACETAL),OTAQ OFFSHORE LIMITED,2.08,40,MILL,26/02/2021,
58752/2.01,TURNING,MP/OTA1/W-18-297,W-18-297  END CAP EAGLE IP Z/300 (BLUEACETAL),OTAQ OFFSHORE LIMITED,0.42,30,TURN,26/02/2021,
58752/2.01,TURNING,MP/OTA1/W-18-297,W-18-297  END CAP EAGLE IP Z/300 (BLUEACETAL),OTAQ OFFSHORE LIMITED,1.75,20,TURN,26/02/2021,
58752/3.01,MILLING,MP/OTA1/W-18-298,W-18-298 BODYTUBE EAGLE IP Z/300 (BLUE ACETAL),OTAQ OFFSHORE LIMITED,2.33,40,MILL,26/02/2021,
58752/3.01,TURNING,MP/OTA1/W-18-298,W-18-298 BODYTUBE EAGLE IP Z/300 (BLUE ACETAL),OTAQ OFFSHORE LIMITED,0.42,30,TURN,26/02/2021,
58752/3.01,TURNING,MP/OTA1/W-18-298,W-18-298 BODYTUBE EAGLE IP Z/300 (BLUE ACETAL),OTAQ OFFSHORE LIMITED,2.17,20,TURN,26/02/2021,
58752/4.01,MILLING,MP/OTA1/W-18-299,W-18-299  LENS HOLDER EAGLE IP Z/300  (BLUE ACETAL),OTAQ OFFSHORE LIMITED,0.83,30,MILL,26/02/2021,
58752/4.01,TURNING,MP/OTA1/W-18-299,W-18-299  LENS HOLDER EAGLE IP Z/300  (BLUE ACETAL),OTAQ OFFSHORE LIMITED,1.42,20,TURN,26/02/2021,
58758/1.01,PRESS/SEALING,GR/KEN1/P900973,"GRAPHITE RING, 23.30mm x 20.95mm x 2.15mm, DENSITY 1.6g/cc  P900973 REV B (WEIGHT 0.30/0.27gms)",SWAGELOK LIMITED,25,30,PRESS RING,26/02/2021,
58767/1.01,MILLING,MP/MAC4/CONV-STD-01,BEARING HOUSING CONV-STD-01 REV A,MACDUFF SHIPYARDS LTD,0.5,40,MILL,26/02/2021,
58767/1.01,MILLING,MP/MAC4/CONV-STD-01,BEARING HOUSING CONV-STD-01 REV A,MACDUFF SHIPYARDS LTD,0.5,50,MILL,26/02/2021,
58767/1.01,MILLING,MP/MAC4/CONV-STD-01,BEARING HOUSING CONV-STD-01 REV A,MACDUFF SHIPYARDS LTD,1,60,MILL,26/02/2021,
58767/1.01,MILLING,MP/MAC4/CONV-STD-01,BEARING HOUSING CONV-STD-01 REV A,MACDUFF SHIPYARDS LTD,1,70,MILL,26/02/2021,
58767/1.01,MILLING,MP/MAC4/CONV-STD-01,BEARING HOUSING CONV-STD-01 REV A,MACDUFF SHIPYARDS LTD,2.83,20,MILL,26/02/2021,
58767/1.01,MILLING,MP/MAC4/CONV-STD-01,BEARING HOUSING CONV-STD-01 REV A,MACDUFF SHIPYARDS LTD,0.5,30,MILL,26/02/2021,
58767/1.01,MANUAL MACHINING,MP/MAC4/CONV-STD-01,BEARING HOUSING CONV-STD-01 REV A,MACDUFF SHIPYARDS LTD,0.5,80,MANUAL MACHINING (VARIOUS),26/02/2021,
58777/1.01,MILLING,MP/SOI1/AC4789,"SPACER TMS SLIPRING, AC4789 iss 0",SOIL MACHINE DYNAMICS LIMITED,0.83,40,MILL,26/02/2021,
58777/1.01,TURNING,MP/SOI1/AC4789,"SPACER TMS SLIPRING, AC4789 iss 0",SOIL MACHINE DYNAMICS LIMITED,0.88,20,TURN,26/02/2021,
58777/1.01,TURNING,MP/SOI1/AC4789,"SPACER TMS SLIPRING, AC4789 iss 0",SOIL MACHINE DYNAMICS LIMITED,0.07,30,TURN,26/02/2021,
58777/2.01,MANUAL MACHINING,MP/SOI1/AB6156,"AB6156 iss 2,  BEARING TMS DRUM (SPLIT) ",SOIL MACHINE DYNAMICS LIMITED,0.17,40,SPLIT,26/02/2021,
58777/2.01,TURNING,MP/SOI1/AB6156,"AB6156 iss 2,  BEARING TMS DRUM (SPLIT) ",SOIL MACHINE DYNAMICS LIMITED,1.33,20,TURN,26/02/2021,
58777/2.01,MILLING,MP/SOI1/AB6156,"AB6156 iss 2,  BEARING TMS DRUM (SPLIT) ",SOIL MACHINE DYNAMICS LIMITED,1.33,30,MILL ,26/02/2021,
58777/3.01,MILLING,MP/SOI1/AH2216,"BRACKET POD, AH2216 REV 0",SOIL MACHINE DYNAMICS LIMITED,0.17,50,MILL,26/02/2021,
58777/3.01,CNC ROUTERS,MP/SOI1/AH2216,"BRACKET POD, AH2216 REV 0",SOIL MACHINE DYNAMICS LIMITED,1.25,20,CNC ROUTER,26/02/2021,
58777/3.01,MILLING,MP/SOI1/AH2216,"BRACKET POD, AH2216 REV 0",SOIL MACHINE DYNAMICS LIMITED,0.92,40,MILL,26/02/2021,
58777/3.01,MANUAL MACHINING,MP/SOI1/AH2216,"BRACKET POD, AH2216 REV 0",SOIL MACHINE DYNAMICS LIMITED,0.42,30,MANUAL ROUTER,26/02/2021,
58777/4.01,CNC ROUTERS,MP/SOI1/AA6154,PLATE TMS DOCKING HEAD INTERFACE  AA6154  iss 3,SOIL MACHINE DYNAMICS LIMITED,1.92,20,CNC ROUTER,26/02/2021,
58777/4.01,MANUAL MACHINING,MP/SOI1/AA6154,PLATE TMS DOCKING HEAD INTERFACE  AA6154  iss 3,SOIL MACHINE DYNAMICS LIMITED,0.33,30,FINISH,26/02/2021,
58789/1.01,MILLING,MP/DIV1/SRV1031022133S1,"SRV1031022133S1 REV R00   FABRICATION, CLAMP, TOP HALF (ACETAL, BLACK)",JFD LIMITED,1.67,20,MILL,26/02/2021,
58789/2.01,MILLING,MP/DIV1/SRV1031022134S1,"SRV1031022134S1 REV R00   FABRICATION, CLAMP, BOTTOM HALF (ACETAL, BLACK)",JFD LIMITED,1.67,20,MILL,26/02/2021,
58789/3.01,MILLING,MP/DIV1/SRV1031022137S1,"SRV1031022137S1 REV R00   FABRICATION, CLAMP, TOP HALF (ACETAL, BLACK)",JFD LIMITED,2,20,MILL,26/02/2021,
58789/4.01,MILLING,MP/DIV1/SRV1031022138S1,"SRV1031022138S1 REV R00   FABRICATION, CLAMP, BOTTOM HALF (ACETAL, BLACK)",JFD LIMITED,2,20,MILL,26/02/2021,
58789/5.01,MILLING,MP/DIV1/SRV1031122266S1,"SRV1031122266S1 REV R00   FABRICATION, BASE, CLAMP, MOTORT (ACETAL, BLACK)",JFD LIMITED,2.5,20,MILL,26/02/2021,
58789/6.01,MILLING,MP/DIV1/SRV1031122267S1,"SRV1031122267S1 REV R00   FABRICATION, TOP, CLAMP, MOTOR (ACETAL, BLACK)",JFD LIMITED,2,20,MILL,26/02/2021,
58789/7.01,MILLING,MP/DIV1/SRV1031122268S1,"SRV1031122268S1 REV R00   FABRICATION, CLAMP, COMPENSATOR (ACETAL, BLACK)",JFD LIMITED,4,20,MILL,26/02/2021,
58802/1.01,MILLING,MP/ALE2/RQ-ICD-00690,RQ-ICD-00690 REV 02   TORQUE TOOL VALVE PACK MOUNTING PLATE (ACETAL - BLACK),ALERON SUBSEA LIMITED,6.5,20,MILL,26/02/2021,
58809/1.01,TURNING,MP/GEO6/2-2-09-15531101,2-2-09-15531101 Iss 01   1-11/16 BOND PLATFORM ROUND BUMPER,SONDEX WIRELINE LTD,1,20,TURN,26/02/2021,
58809/2.01,MILLING,MP/GEO6/420473,DD-420473 REV A   RING ANTI-EXTRUSION 007 (ISO 3601-4:2008 'T2',SONDEX WIRELINE LTD,0.6,50,DE-BURR,26/02/2021,
58809/2.01,MILLING,MP/GEO6/420473,DD-420473 REV A   RING ANTI-EXTRUSION 007 (ISO 3601-4:2008 'T2',SONDEX WIRELINE LTD,1,30,MANUFACTURE OF JIG OR FIXTURE,26/02/2021,
58809/2.01,MILLING,MP/GEO6/420473,DD-420473 REV A   RING ANTI-EXTRUSION 007 (ISO 3601-4:2008 'T2',SONDEX WIRELINE LTD,1.5,40,MILL,26/02/2021,
58809/2.01,TURNING,MP/GEO6/420473,DD-420473 REV A   RING ANTI-EXTRUSION 007 (ISO 3601-4:2008 'T2',SONDEX WIRELINE LTD,1.45,20,TURN,26/02/2021,
58758/1.01,PRESS/SEALING,GR/KEN1/P900973,"GRAPHITE RING, 23.30mm x 20.95mm x 2.15mm, DENSITY 1.6g/cc  P900973 REV B (WEIGHT 0.30/0.27gms)",SWAGELOK LIMITED,8.33,40,FINISH,01/03/2021,
58806/1.01,PRESS/SEALING,GR/CLY6/00010400,PACKING SET 80 x 60 x 10mm C/H DENSITY 1.6g/cc (3/SET),CLYDE BERGEMANN LTD,4.16,20,PRESS/SEALING,01/03/2021,
58811/1.01,MILLING,MP/QED1/21-008-010,21-008-010 REV B  END PLATE SEAL (BLACK CAST NYLON6),QED SALES LIMITED,1.75,20,MILL,01/03/2021,
58811/2.01,TURNING,MP/QED1/21-008-012,21-008-012 REV B BLASTER PLATE WHEEL (BLACK CASK NYLON6),QED SALES LIMITED,1.93,20,TURN,01/03/2021,
58811/3.01,TURNING,MP/QED1/21-008-014,21-008-014 REV B END PLATE WASHER (BLACK CAST NYLON6),QED SALES LIMITED,1.2,20,TURN,01/03/2021,
58824/1.01,MILLING,MP/CBF1/90071300,"BELT COUPLING, TO DRG 90071300 ISS 8",C.B. FROST,0.44,40,MILL,01/03/2021,
58824/1.01,MILLING,MP/CBF1/90071300,"BELT COUPLING, TO DRG 90071300 ISS 8",C.B. FROST,1.44,20,MILL,01/03/2021,
58824/1.01,MILLING,MP/CBF1/90071300,"BELT COUPLING, TO DRG 90071300 ISS 8",C.B. FROST,0.08,30,MILL,01/03/2021,
58573/1.01,TURNING,MP/SOI1/VE3236,"MAIN BODY VENOM RESERVOIR, VE3236 iss C",SOIL MACHINE DYNAMICS LIMITED,21,20,TURN,02/03/2021,
58758/1.01,PRESS/SEALING,GR/KEN1/P900973,"GRAPHITE RING, 23.30mm x 20.95mm x 2.15mm, DENSITY 1.6g/cc  P900973 REV B (WEIGHT 0.30/0.27gms)",SWAGELOK LIMITED,4.17,50,PACKING/BOX,02/03/2021,
58783/3.01,TURNING,MP/CRE1/CRE-MC3301-MDT,CRE-MC3301-MDT REV 04   SIZE 'A' EXTENDED PEEK CONNECTOR BODY - MOULDED,C R ENCAPSULATION LIMITED,20.63,40,TURN,02/03/2021,
58790/2.01,TURNING,MP/STE3/B02030180/69211542,B02030180   69211542 Iss D   END CAP - PEEK,STEATITE LIMITED,2.33,20,TURN,02/03/2021,
58818/1.01,CNC ROUTERS,MP/QED1/18-PT-114,"SLIPRING BASE (12mm THICK SRBF) PT1101, DRG 18-PT-114 REV E",QED SALES LIMITED,5,20,CNC ROUTER,02/03/2021,
58818/1.01,MANUAL MACHINING,MP/QED1/18-PT-114,"SLIPRING BASE (12mm THICK SRBF) PT1101, DRG 18-PT-114 REV E",QED SALES LIMITED,1.5,30,TAP,02/03/2021,
58573/1.01,MILLING,MP/SOI1/VE3236,"MAIN BODY VENOM RESERVOIR, VE3236 iss C",SOIL MACHINE DYNAMICS LIMITED,11,30,MILL,03/03/2021,
58695/1.01,TURNING,MP/PER1/2441-DET,COMPENSATOR BODY 13.5 Lt   2441-DET Rev 4  (Black),FORUM ENERGY TECHNOLOGIES (UK) LTD,7.5,20,TURN,03/03/2021,
58775/1.01,CNC ROUTERS,MP/SOI1/AF2722,COVER UMB TERM. AF2722 iss 0,SOIL MACHINE DYNAMICS LIMITED,2.25,20,CNC ROUTER,03/03/2021,
58775/1.01,MANUAL MACHINING,MP/SOI1/AF2722,COVER UMB TERM. AF2722 iss 0,SOIL MACHINE DYNAMICS LIMITED,0.5,30,FINISH,03/03/2021,
58790/2.01,MILLING,MP/STE3/B02030180/69211542,B02030180   69211542 Iss D   END CAP - PEEK,STEATITE LIMITED,2.75,30,MILL,03/03/2021,
58790/2.01,MILLING,MP/STE3/B02030180/69211542,B02030180   69211542 Iss D   END CAP - PEEK,STEATITE LIMITED,2.08,40,MILL,03/03/2021,
58790/3.01,MILLING,MP/STE3/B02030415/69215894,CONNECTOR SUPPORT  B02030415  69215894  Iss D,STEATITE LIMITED,0.4,40,MILL,03/03/2021,
58790/3.01,MILLING,MP/STE3/B02030415/69215894,CONNECTOR SUPPORT  B02030415  69215894  Iss D,STEATITE LIMITED,1.3,30,MILL,03/03/2021,
58790/3.01,TURNING,MP/STE3/B02030415/69215894,CONNECTOR SUPPORT  B02030415  69215894  Iss D,STEATITE LIMITED,1.3,20,TURN,03/03/2021,
58790/4.01,MILLING,MP/STE3/B21011831/6924261,B21011831   6924261 Iss A   DIODE SPACER INLINE - D SIZE (NYLON 66)  ,STEATITE LIMITED,0.83,30,MILL,03/03/2021,
58790/4.01,TURNING,MP/STE3/B21011831/6924261,B21011831   6924261 Iss A   DIODE SPACER INLINE - D SIZE (NYLON 66)  ,STEATITE LIMITED,0.67,20,TURN,03/03/2021,
58799/1.01,TURNING,MP/CRE1/CRE-IC1028-MDT,CRE-IC1028-MDT Rev C   SIZE 'A' HYBRID INSERT FEMALE 2 WAY (EPOXY),C R ENCAPSULATION LIMITED,1.75,20,TURN,03/03/2021,
58799/1.01,MILLING,MP/CRE1/CRE-IC1028-MDT,CRE-IC1028-MDT Rev C   SIZE 'A' HYBRID INSERT FEMALE 2 WAY (EPOXY),C R ENCAPSULATION LIMITED,1.5,30,MILL,03/03/2021,
58695/1.01,TURNING,MP/PER1/2441-DET,COMPENSATOR BODY 13.5 Lt   2441-DET Rev 4  (Black),FORUM ENERGY TECHNOLOGIES (UK) LTD,6.67,40,TURN,04/03/2021,
58695/1.01,TURNING,MP/PER1/2441-DET,COMPENSATOR BODY 13.5 Lt   2441-DET Rev 4  (Black),FORUM ENERGY TECHNOLOGIES (UK) LTD,6.67,30,TURN,04/03/2021,
58743/1.01,MILLING,MP/OCE1/0297133,"0297133 REV B   COG WHEEL PG2-28, MODIFIED",OCEANEERING INTERNATIONAL SERVICES LTD,1.25,20,MILL,04/03/2021,
58780/1.01,TURNING,MP/GEO6/43029,"INSULATOR LOWER MBH, DRG DD-43029 REV B",SONDEX WIRELINE LTD,0.19,30,TURN,04/03/2021,
58780/1.01,TURNING,MP/GEO6/43029,"INSULATOR LOWER MBH, DRG DD-43029 REV B",SONDEX WIRELINE LTD,1.5,20,TURN,04/03/2021,
58780/1.01,TURNING,MP/GEO6/43029,"INSULATOR LOWER MBH, DRG DD-43029 REV B",SONDEX WIRELINE LTD,0.75,40,MANUFACTURE OF JIG OR FIXTURE,04/03/2021,
58794/1.01,TURNING,MP/GEO1/23-71-039,23-71-039 REV A   BOBBIN SOLENOID (PEEK 450G),GEOLINK (UK) LTD,1.33,20,TURN,04/03/2021,
58794/1.01,MILLING,MP/GEO1/23-71-039,23-71-039 REV A   BOBBIN SOLENOID (PEEK 450G),GEOLINK (UK) LTD,0.75,30,MANUFACTURE OF JIG OR FIXTURE,04/03/2021,
58794/1.01,MILLING,MP/GEO1/23-71-039,23-71-039 REV A   BOBBIN SOLENOID (PEEK 450G),GEOLINK (UK) LTD,1.92,40,MILL,04/03/2021,
58795/1.01,TURNING,MP/DIV1/SY104604S1,"SY104604S1 REV R01   BUSH, BODY, QUICK CLAMP (ACETAL COPOLYMER, BLACK)",JFD LIMITED,0.86,20,TURN,04/03/2021,
58795/2.01,MILLING,MP/DIV1/SY104613,"SY104613 Rev 01   SEAT, SPRING, SWITCHED BATTERY HOUSING ",JFD LIMITED,1.08,20,MILL,04/03/2021,
58795/2.01,MILLING,MP/DIV1/SY104613,"SY104613 Rev 01   SEAT, SPRING, SWITCHED BATTERY HOUSING ",JFD LIMITED,0.05,30,MILL,04/03/2021,
58795/3.01,MILLING,MP/DIV1/CSTF1002005S1/1000/401,CSTF1002005S1 Rev R0 / 1000/401 ISS B   TUBE,JFD LIMITED,1.1,30,MILL,04/03/2021,
58756/1.01,PRESS/SEALING,GR/DIA1/398443-010A,"GRAPHITE PACKING SET TO DRG 398443-0110  REV A (5 RINGS/SET)
Tariff Code 84818090",DIAMOND POWER SPECIALTY LTD,12.65,20,PRESS/SEALING,05/03/2021,
58796/1.01,TURNING,MP/ALS1/MMHW-4R2003-1/120000104,MMHW-4R2003-1   120000104   M12 SHOULDERED WASHER ,GE ENERGY POWER CONVERSION LTD,2.35,30,TURN,05/03/2021,
58796/1.01,MILLING,MP/ALS1/MMHW-4R2003-1/120000104,MMHW-4R2003-1   120000104   M12 SHOULDERED WASHER ,GE ENERGY POWER CONVERSION LTD,0.9,20,MILL,05/03/2021,
58810/1.01,MILLING,MP/BAM1/PEPROFILESAMPLE,"BLACK PE PROFILE TO SAMPLE, 200mm X 35mm X 9mm",BAM NUTTALL,51,20,MILL,05/03/2021,
58769/1.01,MILLING,MP/IMP2/0000-0541,NOSE CAP - CLASS 1 to 4 TORQUE TOOL  0000-0541  Rev 2,FUGRO GB (NORTH) MARINE LTD,1.42,50,MILL,08/03/2021,
58769/1.01,TURNING,MP/IMP2/0000-0541,NOSE CAP - CLASS 1 to 4 TORQUE TOOL  0000-0541  Rev 2,FUGRO GB (NORTH) MARINE LTD,0.17,40,TURN,08/03/2021,
58769/1.01,TURNING,MP/IMP2/0000-0541,NOSE CAP - CLASS 1 to 4 TORQUE TOOL  0000-0541  Rev 2,FUGRO GB (NORTH) MARINE LTD,0.17,30,TURN,08/03/2021,
58769/1.01,TURNING,MP/IMP2/0000-0541,NOSE CAP - CLASS 1 to 4 TORQUE TOOL  0000-0541  Rev 2,FUGRO GB (NORTH) MARINE LTD,0.92,20,TURN,08/03/2021,
58769/2.01,TURNING,MP/IMP2/0251-0500,INDICATOR EXTENSION PIN 0251-0500 Rev 1,FUGRO GB (NORTH) MARINE LTD,1.04,20,TURN,08/03/2021,
58769/2.01,MILLING,MP/IMP2/0251-0500,INDICATOR EXTENSION PIN 0251-0500 Rev 1,FUGRO GB (NORTH) MARINE LTD,0.71,30,MILL,08/03/2021,
58769/2.01,MILLING,MP/IMP2/0251-0500,INDICATOR EXTENSION PIN 0251-0500 Rev 1,FUGRO GB (NORTH) MARINE LTD,0.75,40,MILL,08/03/2021,
58769/3.01,TURNING,MP/IMP2/1678-0529,1678-0529 Iss 02   PLUG RECEPTACLE DUAL PORT,FUGRO GB (NORTH) MARINE LTD,0.83,40,TURN,08/03/2021,
58769/3.01,TURNING,MP/IMP2/1678-0529,1678-0529 Iss 02   PLUG RECEPTACLE DUAL PORT,FUGRO GB (NORTH) MARINE LTD,1.25,30,TURN,08/03/2021,
58769/3.01,TURNING,MP/IMP2/1678-0529,1678-0529 Iss 02   PLUG RECEPTACLE DUAL PORT,FUGRO GB (NORTH) MARINE LTD,2,20,TURN,08/03/2021,
58769/3.01,MANUAL MACHINING,MP/IMP2/1678-0529,1678-0529 Iss 02   PLUG RECEPTACLE DUAL PORT,FUGRO GB (NORTH) MARINE LTD,0.83,50,ENGRAVE,08/03/2021,
58769/4.01,MILLING,MP/IMP2/8027-0517,"8027-0517 REV 01   LOADING RAIL, CLASS 6 & 7 TT 
NATURAL NYLON
",FUGRO GB (NORTH) MARINE LTD,2.5,20,MILL,08/03/2021,
58769/4.01,MANUAL MACHINING,MP/IMP2/8027-0517,"8027-0517 REV 01   LOADING RAIL, CLASS 6 & 7 TT 
NATURAL NYLON
",FUGRO GB (NORTH) MARINE LTD,0.08,30,ENGRAVE,08/03/2021,
58783/2.01,TURNING,MP/CRE1/CRE-MC3302-MDT,CRE-MC3302-MDT REV 04   SIZE 'B' EXTENDED PEEK CONNECTOR BODY - MOULDED,C R ENCAPSULATION LIMITED,4.3,20,TURN,08/03/2021,
58783/2.01,TURNING,MP/CRE1/CRE-MC3302-MDT,CRE-MC3302-MDT REV 04   SIZE 'B' EXTENDED PEEK CONNECTOR BODY - MOULDED,C R ENCAPSULATION LIMITED,0.5,30,MANUFACTURE OF JIG OR FIXTURE,08/03/2021,
58783/3.01,MILLING,MP/CRE1/CRE-MC3301-MDT,CRE-MC3301-MDT REV 04   SIZE 'A' EXTENDED PEEK CONNECTOR BODY - MOULDED,C R ENCAPSULATION LIMITED,28.5,50,MILL,08/03/2021,
58783/3.01,MILLING,MP/CRE1/CRE-MC3301-MDT,CRE-MC3301-MDT REV 04   SIZE 'A' EXTENDED PEEK CONNECTOR BODY - MOULDED,C R ENCAPSULATION LIMITED,0.75,60,MANUFACTURE OF JIG OR FIXTURE,08/03/2021,
58815/1.01,TURNING,MP/CRE1/CRE-IC2000-MDT,"CRE-IC2000-MDT REV 01   SIZE 'M' COAX (7.00 OD) INSERT MALE - BACK PRESSURE (GREEN ISOVAL)

**BILLET LENGTH 25 DIA X 35mm LONG",C R ENCAPSULATION LIMITED,1.5,20,TURN,08/03/2021,
58815/1.01,MILLING,MP/CRE1/CRE-IC2000-MDT,"CRE-IC2000-MDT REV 01   SIZE 'M' COAX (7.00 OD) INSERT MALE - BACK PRESSURE (GREEN ISOVAL)

**BILLET LENGTH 25 DIA X 35mm LONG",C R ENCAPSULATION LIMITED,2.08,30,MILL,08/03/2021,
58820/1.01,TURNING,MP/CRE1/CRE-IC1729-MDT,CRE-IC1729-MDT REV 01   INSERT SIZE 'C' 4 WAY - BP TYPE (EPOXY) ,C R ENCAPSULATION LIMITED,1.21,20,TURN,08/03/2021,
58820/1.01,MILLING,MP/CRE1/CRE-IC1729-MDT,CRE-IC1729-MDT REV 01   INSERT SIZE 'C' 4 WAY - BP TYPE (EPOXY) ,C R ENCAPSULATION LIMITED,1.33,30,MILL,08/03/2021,
58820/2.01,TURNING,MP/CRE1/CRE-IC1730-MDT,CRE-IC1730-MDT REV 01   INSERT SIZE 'C' 4 WAY FEMALE - BP TYPE (EPOXY),C R ENCAPSULATION LIMITED,1.08,20,TURN,08/03/2021,
58820/2.01,MILLING,MP/CRE1/CRE-IC1730-MDT,CRE-IC1730-MDT REV 01   INSERT SIZE 'C' 4 WAY FEMALE - BP TYPE (EPOXY),C R ENCAPSULATION LIMITED,1.07,30,MILL,08/03/2021,
58828/1.01,TURNING,MP/AII1/F191027,"F191027   AISCO1TAB Rev A   
25% GLASS FILLED PTFE BUSH 
20.1mm OD X 12.3mm ID X 20mm",A.I. INTERNATIONAL LTD.,2,20,TURN,08/03/2021,
58828/2.01,TURNING,MP/AII1/4000653,"4000653   AISCO1TAB Rev A   
25% GLASS FILLED PTFE BUSH 
24mm OD X 16.3mm ID X 40mm LG ",A.I. INTERNATIONAL LTD.,1.5,20,TURN,08/03/2021,
58828/3.01,TURNING,MP/AII1/F104706,"F104706   AISCO1TAB Rev A   
25% GLASS FILLED PTFE BUSH 
28mm OD X 20.25mm ID X 30mm LG ",A.I. INTERNATIONAL LTD.,2.5,20,TURN,08/03/2021,
58693/1.01,TURNING,MP/PER1/2443-DET,COMPENSATOR HOUSING 13.5 Lt   2443-DET Rev 3   (Black),FORUM ENERGY TECHNOLOGIES (UK) LTD,11.5,20,TURN,09/03/2021,
58783/1.01,TURNING,MP/CRE1/CRE-MC3303-MDT,CRE-MC3303-MDT REV 04   SIZE 'C' EXTENDED PEEK CONNECTOR BODY - MOULDED,C R ENCAPSULATION LIMITED,3.2,20,TURN,09/03/2021,
58783/1.01,TURNING,MP/CRE1/CRE-MC3303-MDT,CRE-MC3303-MDT REV 04   SIZE 'C' EXTENDED PEEK CONNECTOR BODY - MOULDED,C R ENCAPSULATION LIMITED,0.5,30,MANUFACTURE OF JIG OR FIXTURE,09/03/2021,
58783/1.01,TURNING,MP/CRE1/CRE-MC3303-MDT,CRE-MC3303-MDT REV 04   SIZE 'C' EXTENDED PEEK CONNECTOR BODY - MOULDED,C R ENCAPSULATION LIMITED,2.75,40,TURN,09/03/2021,
58783/2.01,TURNING,MP/CRE1/CRE-MC3302-MDT,CRE-MC3302-MDT REV 04   SIZE 'B' EXTENDED PEEK CONNECTOR BODY - MOULDED,C R ENCAPSULATION LIMITED,4.13,40,TURN,09/03/2021,
58783/2.01,MILLING,MP/CRE1/CRE-MC3302-MDT,CRE-MC3302-MDT REV 04   SIZE 'B' EXTENDED PEEK CONNECTOR BODY - MOULDED,C R ENCAPSULATION LIMITED,6.5,50,MILL,09/03/2021,
58829/1.01,TURNING,MP/OCE1/SSA-0054-361-21,SSA-0054-361-21  Rev X   TORQUE TOOL SUPPORT RING (BLACK ACETAL),OCEANEERING INTERNATIONAL SERVICES LTD,0.79,20,TURN,09/03/2021,
58693/1.01,TURNING,MP/PER1/2443-DET,COMPENSATOR HOUSING 13.5 Lt   2443-DET Rev 3   (Black),FORUM ENERGY TECHNOLOGIES (UK) LTD,1,40,MANUFACTURE OF JIG OR FIXTURE,10/03/2021,
58693/1.01,MILLING,MP/PER1/2443-DET,COMPENSATOR HOUSING 13.5 Lt   2443-DET Rev 3   (Black),FORUM ENERGY TECHNOLOGIES (UK) LTD,6.5,30,MILL,10/03/2021,
58695/1.01,TURNING,MP/PER1/2441-DET,COMPENSATOR BODY 13.5 Lt   2441-DET Rev 4  (Black),FORUM ENERGY TECHNOLOGIES (UK) LTD,2,110,MANUFACTURE OF JIG OR FIXTURE,10/03/2021,
58695/1.01,MILLING,MP/PER1/2441-DET,COMPENSATOR BODY 13.5 Lt   2441-DET Rev 4  (Black),FORUM ENERGY TECHNOLOGIES (UK) LTD,27,50,MILL,10/03/2021,
58783/1.01,MILLING,MP/CRE1/CRE-MC3303-MDT,CRE-MC3303-MDT REV 04   SIZE 'C' EXTENDED PEEK CONNECTOR BODY - MOULDED,C R ENCAPSULATION LIMITED,4.67,50,MILL,10/03/2021,
58783/1.01,MILLING,MP/CRE1/CRE-MC3303-MDT,CRE-MC3303-MDT REV 04   SIZE 'C' EXTENDED PEEK CONNECTOR BODY - MOULDED,C R ENCAPSULATION LIMITED,0.75,60,MANUFACTURE OF JIG OR FIXTURE,10/03/2021,
58783/1.01,MILLING,MP/CRE1/CRE-MC3303-MDT,CRE-MC3303-MDT REV 04   SIZE 'C' EXTENDED PEEK CONNECTOR BODY - MOULDED,C R ENCAPSULATION LIMITED,2.57,70,MILL,10/03/2021,
58783/2.01,MILLING,MP/CRE1/CRE-MC3302-MDT,CRE-MC3302-MDT REV 04   SIZE 'B' EXTENDED PEEK CONNECTOR BODY - MOULDED,C R ENCAPSULATION LIMITED,0.75,60,MANUFACTURE OF JIG OR FIXTURE,10/03/2021,
58783/2.01,MILLING,MP/CRE1/CRE-MC3302-MDT,CRE-MC3302-MDT REV 04   SIZE 'B' EXTENDED PEEK CONNECTOR BODY - MOULDED,C R ENCAPSULATION LIMITED,3.85,70,MILL,10/03/2021,
58783/3.01,MILLING,MP/CRE1/CRE-MC3301-MDT,CRE-MC3301-MDT REV 04   SIZE 'A' EXTENDED PEEK CONNECTOR BODY - MOULDED,C R ENCAPSULATION LIMITED,19.25,70,MILL,10/03/2021,
58821/1.01,TURNING,MP/CRE1/CRE-IC2007-MDT,CRE-IC2007-MDT REV 01   INSERT SIZE 'B' 18 WAY HYBRID MALE - BACK PRESSURE (EPOXY),C R ENCAPSULATION LIMITED,0.88,20,TURN,10/03/2021,
58821/1.01,MILLING,MP/CRE1/CRE-IC2007-MDT,CRE-IC2007-MDT REV 01   INSERT SIZE 'B' 18 WAY HYBRID MALE - BACK PRESSURE (EPOXY),C R ENCAPSULATION LIMITED,1.06,30,MILL,10/03/2021,
58823/1.01,TURNING,MP/SOI1/DE2086,PRESSURE HOUSING DE2086 iss 4,SOIL MACHINE DYNAMICS LIMITED,8.25,30,TURN,10/03/2021,
58823/1.01,MANUAL MACHINING,MP/SOI1/DE2086,PRESSURE HOUSING DE2086 iss 4,SOIL MACHINE DYNAMICS LIMITED,1,20,SAW,10/03/2021,
58823/3.01,TURNING,MP/SOI1/AC9723,"COUPLING FLANGE, AC9723 iss 1 (inspection reports included)",SOIL MACHINE DYNAMICS LIMITED,0.83,30,TURN,10/03/2021,
58823/3.01,MILLING,MP/SOI1/AC9723,"COUPLING FLANGE, AC9723 iss 1 (inspection reports included)",SOIL MACHINE DYNAMICS LIMITED,2.42,40,MILL,10/03/2021,
58823/3.01,TURNING,MP/SOI1/AC9723,"COUPLING FLANGE, AC9723 iss 1 (inspection reports included)",SOIL MACHINE DYNAMICS LIMITED,1.5,20,TURN,10/03/2021,
58823/5.01,TURNING,MP/SOI1/TM2053,LEVEL WIND CHAIN TENSIONER ROLLER] TM2053 rev 0,SOIL MACHINE DYNAMICS LIMITED,1.17,20,TURN,10/03/2021,
58823/5.01,TURNING,MP/SOI1/TM2053,LEVEL WIND CHAIN TENSIONER ROLLER] TM2053 rev 0,SOIL MACHINE DYNAMICS LIMITED,0.1,30,TURN,10/03/2021,
58827/1.01,MILLING,MP/SCO019/NYLONWEDGE,"NATURAL NYLON WEDGE, AS SAMPLE BUT WITHOUT HOLES",SCOTBEEF LIMITED,1.25,20,MILL,10/03/2021,
58827/2.01,TURNING,MP/SCO019/NYLON SLEEVE,"NATURAL NYLON SLEEVE AS SAMPLE, TO BE SPLIT(NOT A COMPLETE CIRCLE, WILL HAVE WIDTH OF A BLADE SPLIT LINE) ",SCOTBEEF LIMITED,1.15,20,TURN,10/03/2021,
58827/2.01,MANUAL MACHINING,MP/SCO019/NYLON SLEEVE,"NATURAL NYLON SLEEVE AS SAMPLE, TO BE SPLIT(NOT A COMPLETE CIRCLE, WILL HAVE WIDTH OF A BLADE SPLIT LINE) ",SCOTBEEF LIMITED,0.23,30,SAW - SPLIT IN HALF,10/03/2021,
58833/1.01,TURNING,MP/SOI1/AB0386,ROLLER AB0386 iss 0,SOIL MACHINE DYNAMICS LIMITED,2.25,20,TURN,10/03/2021,
58834/1.01,TURNING,MP/SOI1/AB0386,ROLLER AB0386 iss 0,SOIL MACHINE DYNAMICS LIMITED,1.42,20,TURN,10/03/2021,
58755/1.01,MILLING,MP/OCE1/980024626,980024626 Rev B   PLASTIC BODY COVER LHS (BLACK ACETAL) ,OCEANEERING INTERNATIONAL SERVICES LTD,52,20,MILL,11/03/2021,
58755/2.01,MILLING,MP/OCE1/980024627,980024627 Rev B   PLASTIC BODY COVER RHS (BLACK ACETAL),OCEANEERING INTERNATIONAL SERVICES LTD,46,20,MILL,11/03/2021,
58755/4.01,TURNING,MP/OCE1/980026513,980026513 Rev B   PROTECTION SLEEVE RHS (BLACK ACETAL),OCEANEERING INTERNATIONAL SERVICES LTD,4.3,20,TURN,11/03/2021,
58755/5.01,TURNING,MP/OCE1/980026358,980026358 Rev B   PROTECTION SLEEVE LHS (BLACK ACETAL),OCEANEERING INTERNATIONAL SERVICES LTD,4,20,TURN,11/03/2021,
58826/3.01,TURNING,MP/MET3/816-085,"816-085 REV A   CONNECTION INSULATOR, Ø12.425mm OD, Ø3.5mm ID, 83.3mm LG (PEEK GF30)",METROL TECHNOLOGY LIMITED,4.58,20,TURN,11/03/2021,
58837/1.01,TURNING,MP/BRO2/FILLER_NOZZLE/PEEK,LINE 7 PEEK FILLER NOZZLE TO SAMPLE ,BROXBURN BOTTLERS,0.58,30,TURN,11/03/2021,
58837/1.01,TURNING,MP/BRO2/FILLER_NOZZLE/PEEK,LINE 7 PEEK FILLER NOZZLE TO SAMPLE ,BROXBURN BOTTLERS,0.92,40,"TURN THREAD 
THREAD",11/03/2021,
58837/1.01,TURNING,MP/BRO2/FILLER_NOZZLE/PEEK,LINE 7 PEEK FILLER NOZZLE TO SAMPLE ,BROXBURN BOTTLERS,0.25,50,SPLIT BUSH,11/03/2021,
58837/1.01,MILLING,MP/BRO2/FILLER_NOZZLE/PEEK,LINE 7 PEEK FILLER NOZZLE TO SAMPLE ,BROXBURN BOTTLERS,1.58,60,MILL PTG ANGLED ,11/03/2021,
58837/1.01,TURNING,MP/BRO2/FILLER_NOZZLE/PEEK,LINE 7 PEEK FILLER NOZZLE TO SAMPLE ,BROXBURN BOTTLERS,1.58,20,TURN,11/03/2021,
58837/1.01,MILLING,MP/BRO2/FILLER_NOZZLE/PEEK,LINE 7 PEEK FILLER NOZZLE TO SAMPLE ,BROXBURN BOTTLERS,0.42,70,MILL,11/03/2021,
58755/1.01,MANUAL MACHINING,MP/OCE1/980024626,980024626 Rev B   PLASTIC BODY COVER LHS (BLACK ACETAL) ,OCEANEERING INTERNATIONAL SERVICES LTD,12,30,MANUAL MACHINING (VARIOUS),12/03/2021,
58755/2.01,MANUAL MACHINING,MP/OCE1/980024627,980024627 Rev B   PLASTIC BODY COVER RHS (BLACK ACETAL),OCEANEERING INTERNATIONAL SERVICES LTD,9,30,FINISH,12/03/2021,
58755/3.01,CNC ROUTERS,MP/OCE1/980026377,980026377 Rev B   PLASTIC COVER END PLATE (BLACK ACETAL),OCEANEERING INTERNATIONAL SERVICES LTD,4,20,CNC ROUTER,12/03/2021,
58755/3.01,MANUAL MACHINING,MP/OCE1/980026377,980026377 Rev B   PLASTIC COVER END PLATE (BLACK ACETAL),OCEANEERING INTERNATIONAL SERVICES LTD,2,30,MANUAL MACHINING (VARIOUS),12/03/2021,
58755/4.01,MILLING,MP/OCE1/980026513,980026513 Rev B   PROTECTION SLEEVE RHS (BLACK ACETAL),OCEANEERING INTERNATIONAL SERVICES LTD,10.5,30,MILL,12/03/2021,
58755/5.01,MILLING,MP/OCE1/980026358,980026358 Rev B   PROTECTION SLEEVE LHS (BLACK ACETAL),OCEANEERING INTERNATIONAL SERVICES LTD,6,30,MILL,12/03/2021,
58813/1.01,MILLING,MP/OCE1/980002957,980002957 Rev B   PLATE - CHECK VALVE MOUNTING (BLACK ACETAL),OCEANEERING INTERNATIONAL SERVICES LTD,0.03,30,MILL,12/03/2021,
58813/1.01,MILLING,MP/OCE1/980002957,980002957 Rev B   PLATE - CHECK VALVE MOUNTING (BLACK ACETAL),OCEANEERING INTERNATIONAL SERVICES LTD,1.08,20,MILL & ENGRAVE,12/03/2021,
58826/1.01,TURNING,MP/MET3/702-010,"702-010 Rev A   POWER PIN INSULATOR, POWERLINE FEEDTHRU  (PEEK 450G)",METROL TECHNOLOGY LIMITED,1.83,20,TURN,12/03/2021,
58826/1.01,MILLING,MP/MET3/702-010,"702-010 Rev A   POWER PIN INSULATOR, POWERLINE FEEDTHRU  (PEEK 450G)",METROL TECHNOLOGY LIMITED,1.58,30,MILL,12/03/2021,
58826/2.01,TURNING,MP/MET3/702-083,"702-083 REV A   INSULATOR, PLUG CONDUCTER ROD, 13.625mm OD, 4.3mm ID, 59.3mm LG (PEEK 450G)",METROL TECHNOLOGY LIMITED,2.05,20,TURN,12/03/2021,
58826/2.01,TURNING,MP/MET3/702-083,"702-083 REV A   INSULATOR, PLUG CONDUCTER ROD, 13.625mm OD, 4.3mm ID, 59.3mm LG (PEEK 450G)",METROL TECHNOLOGY LIMITED,0.7,30,TURN,12/03/2021,
58826/2.01,TURNING,MP/MET3/702-083,"702-083 REV A   INSULATOR, PLUG CONDUCTER ROD, 13.625mm OD, 4.3mm ID, 59.3mm LG (PEEK 450G)",METROL TECHNOLOGY LIMITED,0.75,40,MANUFACTURE OF JIG OR FIXTURE,12/03/2021,
58826/2.01,MILLING,MP/MET3/702-083,"702-083 REV A   INSULATOR, PLUG CONDUCTER ROD, 13.625mm OD, 4.3mm ID, 59.3mm LG (PEEK 450G)",METROL TECHNOLOGY LIMITED,1.25,50,MILL,12/03/2021,
58826/3.01,TURNING,MP/MET3/816-085,"816-085 REV A   CONNECTION INSULATOR, Ø12.425mm OD, Ø3.5mm ID, 83.3mm LG (PEEK GF30)",METROL TECHNOLOGY LIMITED,3.33,30,TURN,12/03/2021,
58826/3.01,TURNING,MP/MET3/816-085,"816-085 REV A   CONNECTION INSULATOR, Ø12.425mm OD, Ø3.5mm ID, 83.3mm LG (PEEK GF30)",METROL TECHNOLOGY LIMITED,0.75,40,MANUFACTURE OF JIG OR FIXTURE,12/03/2021,
58826/4.01,TURNING,MP/MET3/816-015,"816-015 REV A   SOCKET INSULATOR, Ø12.425mm OD, Ø4mm ID, 52.5mm LG (PEEK GF30)",METROL TECHNOLOGY LIMITED,1.67,20,TURN,12/03/2021,
58826/4.01,TURNING,MP/MET3/816-015,"816-015 REV A   SOCKET INSULATOR, Ø12.425mm OD, Ø4mm ID, 52.5mm LG (PEEK GF30)",METROL TECHNOLOGY LIMITED,0.25,30,TURN,12/03/2021,
58826/4.01,TURNING,MP/MET3/816-015,"816-015 REV A   SOCKET INSULATOR, Ø12.425mm OD, Ø4mm ID, 52.5mm LG (PEEK GF30)",METROL TECHNOLOGY LIMITED,0.75,40,MANUFACTURE OF JIG OR FIXTURE,12/03/2021,
58826/5.01,TURNING,MP/MET3/816-023,"816-023 REV A   CONNECTION INSULATOR, Ø12.425mm OD, Ø3.5mm ID, 42.5mm LG (PEEK GF30)",METROL TECHNOLOGY LIMITED,2.25,20,TURN,12/03/2021,
58826/5.01,TURNING,MP/MET3/816-023,"816-023 REV A   CONNECTION INSULATOR, Ø12.425mm OD, Ø3.5mm ID, 42.5mm LG (PEEK GF30)",METROL TECHNOLOGY LIMITED,0.6,30,TURN,12/03/2021,
58826/5.01,TURNING,MP/MET3/816-023,"816-023 REV A   CONNECTION INSULATOR, Ø12.425mm OD, Ø3.5mm ID, 42.5mm LG (PEEK GF30)",METROL TECHNOLOGY LIMITED,0.75,40,MANUFACTURE OF JIG OR FIXTURE,12/03/2021,
58826/6.01,TURNING,MP/MET3/816-079,"816-079 REV A   CENTRALISER, Ø22.405mm OD, Ø19.02mm ID, 2.5mm LG (PEEK 450G)",METROL TECHNOLOGY LIMITED,1.15,20,TURN,12/03/2021,
58826/6.01,MILLING,MP/MET3/816-079,"816-079 REV A   CENTRALISER, Ø22.405mm OD, Ø19.02mm ID, 2.5mm LG (PEEK 450G)",METROL TECHNOLOGY LIMITED,0.5,30,MANUFACTURE OF JIG OR FIXTURE,12/03/2021,
58826/6.01,MILLING,MP/MET3/816-079,"816-079 REV A   CENTRALISER, Ø22.405mm OD, Ø19.02mm ID, 2.5mm LG (PEEK 450G)",METROL TECHNOLOGY LIMITED,0.75,40,MILL,12/03/2021,
58841/1.01,MANUAL MACHINING,MP/GEO6/14651,DD-14651 REV E  INSULATOR (CWH SECTION) (PEEK),SONDEX WIRELINE LTD,0.17,20,SAW,12/03/2021,
58841/1.01,TURNING,MP/GEO6/14651,DD-14651 REV E  INSULATOR (CWH SECTION) (PEEK),SONDEX WIRELINE LTD,0.75,30,MANUFACTURE OF JIG OR FIXTURE,12/03/2021,
58841/1.01,TURNING,MP/GEO6/14651,DD-14651 REV E  INSULATOR (CWH SECTION) (PEEK),SONDEX WIRELINE LTD,1.58,40,TURN,15/03/2021,
58841/1.01,TURNING,MP/GEO6/14651,DD-14651 REV E  INSULATOR (CWH SECTION) (PEEK),SONDEX WIRELINE LTD,0.58,50,TURN,15/03/2021,
58841/1.01,TURNING,MP/GEO6/14651,DD-14651 REV E  INSULATOR (CWH SECTION) (PEEK),SONDEX WIRELINE LTD,0.75,60,MANUFACTURE OF JIG OR FIXTURE,15/03/2021,
58841/1.01,TURNING,MP/GEO6/14651,DD-14651 REV E  INSULATOR (CWH SECTION) (PEEK),SONDEX WIRELINE LTD,1.33,70,TURN,15/03/2021,
58841/1.01,MILLING,MP/GEO6/14651,DD-14651 REV E  INSULATOR (CWH SECTION) (PEEK),SONDEX WIRELINE LTD,1.25,80,MILL,15/03/2021,
58640/1.01,PRESS/SEALING,GR/DIA1/396742010B,"GRAPHITE PACKING SET (SOLID) PART 396742-010B
DRG NO 396742-0120 REV A
Tariff Code 84818090",DIAMOND POWER SPECIALTY LTD,8.33,20,PRESS/SEALING,16/03/2021,
58679/1.01,PRESS/SEALING,GR/DIA1/351182-0130,"GRAPHITE PACKING SET (SPLIT) 351182-0130 ISS F, ITEM NO 351182-010A
Tariff Code 84818090
UK MANUFACTURE",DIAMOND POWER SPECIALTY LTD,2.75,20,PRESS/SEALING,16/03/2021,
58839/1.01,MILLING,MP/CAI1/C0423/SP8,"C0423 SP8 REV P1   MATERIAL - NATURAL CAST NYLON, MACHINED TO DRAWING",CAIRNHILL STRUCTURES,2,20,MILL TO HEIGHT & 2OFF 14mm HOLES THRO,16/03/2021,
58839/2.01,MILLING,MP/CAI1/C0423/SP15,"C0423 SP15 REV P1   MATERIAL - NATURAL CAST NYLON, MACHINED TO DRAWING",CAIRNHILL STRUCTURES,2,20,MILL TO HEIGHT & 2OFF 14mm HOLES THRO,16/03/2021,
58839/3.01,MILLING,MP/CAI1/C0423/SP18,"C0423 SP18 REV P1   MATERIAL - NATURAL CAST NYLON, MACHINED TO DRAWING",CAIRNHILL STRUCTURES,2,20,MILL TO HEIGHT & 2OFF 14mm HOLES THRO,16/03/2021,
58775/2.01,MILLING,MP/SOI1/AE9036,"COVER FACEPLATE PRESSURE VESSEL, AE9036 rev 0",SOIL MACHINE DYNAMICS LIMITED,8.5,20,MILL,17/03/2021,
58805/1.01,TURNING,MP/IMP2/0000-0515,"0000-0515 Rev 01   DOCKING PROBE NOSE (ACETAL, BLACK)",FUGRO GB (NORTH) MARINE LTD,0.1,30,TURN,17/03/2021,
58805/1.01,MILLING,MP/IMP2/0000-0515,"0000-0515 Rev 01   DOCKING PROBE NOSE (ACETAL, BLACK)",FUGRO GB (NORTH) MARINE LTD,0.92,40,MILL,17/03/2021,
58805/1.01,MILLING,MP/IMP2/0000-0515,"0000-0515 Rev 01   DOCKING PROBE NOSE (ACETAL, BLACK)",FUGRO GB (NORTH) MARINE LTD,0.33,50,MILL,17/03/2021,
58805/1.01,TURNING,MP/IMP2/0000-0515,"0000-0515 Rev 01   DOCKING PROBE NOSE (ACETAL, BLACK)",FUGRO GB (NORTH) MARINE LTD,0.17,60,TURN,17/03/2021,
58805/1.01,TURNING,MP/IMP2/0000-0515,"0000-0515 Rev 01   DOCKING PROBE NOSE (ACETAL, BLACK)",FUGRO GB (NORTH) MARINE LTD,0.82,20,TURN,17/03/2021,
58805/2.01,MILLING,MP/IMP2/8016-0501,"8016-0501 Rev 01   FINGER, CLEANING PAD",FUGRO GB (NORTH) MARINE LTD,0.2,40,MILL,17/03/2021,
58805/2.01,MILLING,MP/IMP2/8016-0501,"8016-0501 Rev 01   FINGER, CLEANING PAD",FUGRO GB (NORTH) MARINE LTD,0.23,30,MILL,17/03/2021,
58805/2.01,MILLING,MP/IMP2/8016-0501,"8016-0501 Rev 01   FINGER, CLEANING PAD",FUGRO GB (NORTH) MARINE LTD,1.4,20,MILL,17/03/2021,
58805/3.01,TURNING,MP/IMP2/8069-0500,"8069-0500 Rev 02   CAMERA HOLDER, HALF CLAMP (HDPE, NATURAL)",FUGRO GB (NORTH) MARINE LTD,1.42,20,TURN,17/03/2021,
58805/3.01,MILLING,MP/IMP2/8069-0500,"8069-0500 Rev 02   CAMERA HOLDER, HALF CLAMP (HDPE, NATURAL)",FUGRO GB (NORTH) MARINE LTD,0.7,30,MILL,17/03/2021,
58805/3.01,MILLING,MP/IMP2/8069-0500,"8069-0500 Rev 02   CAMERA HOLDER, HALF CLAMP (HDPE, NATURAL)",FUGRO GB (NORTH) MARINE LTD,2.53,40,MILL FLAT,17/03/2021,
58805/3.01,MILLING,MP/IMP2/8069-0500,"8069-0500 Rev 02   CAMERA HOLDER, HALF CLAMP (HDPE, NATURAL)",FUGRO GB (NORTH) MARINE LTD,0.4,50,MILL HOLES & C-BORES,17/03/2021,
58814/1.01,TURNING,MP/CRE1/CRE-IC1193-MDT,CRE-IC1193-MDT Rev B   SIZE 'A' HYBRID INSERT FEMALE 5-WAY (BLACK PEEK),C R ENCAPSULATION LIMITED,1.75,20,TURN,17/03/2021,
58814/1.01,MILLING,MP/CRE1/CRE-IC1193-MDT,CRE-IC1193-MDT Rev B   SIZE 'A' HYBRID INSERT FEMALE 5-WAY (BLACK PEEK),C R ENCAPSULATION LIMITED,1.63,30,DRILLING,17/03/2021,
58814/10.01,MILLING,MP/CRE1/CRE-IC1524-MDT,CRE-IC1524-MDT REV C   INSERT SIZE 'B' 28 WAY FEMALE (EPOXY) ,C R ENCAPSULATION LIMITED,2.92,30,MILL,17/03/2021,
58814/10.01,TURNING,MP/CRE1/CRE-IC1524-MDT,CRE-IC1524-MDT REV C   INSERT SIZE 'B' 28 WAY FEMALE (EPOXY) ,C R ENCAPSULATION LIMITED,1.67,20,TURN,17/03/2021,
58814/11.01,TURNING,MP/CRE1/CRE-IC1566-MDT,CRE-IC1566-MDT REV A   ALIGNMENT FIXTURE - 12 & 14 WAY SIZE 'A' - CONNECTOR BODY (NATURAL ACETAL),C R ENCAPSULATION LIMITED,1.58,20,TURN,17/03/2021,
58814/11.01,MILLING,MP/CRE1/CRE-IC1566-MDT,CRE-IC1566-MDT REV A   ALIGNMENT FIXTURE - 12 & 14 WAY SIZE 'A' - CONNECTOR BODY (NATURAL ACETAL),C R ENCAPSULATION LIMITED,0.5,30,MANUFACTURE OF JIG OR FIXTURE,17/03/2021,
58814/11.01,MILLING,MP/CRE1/CRE-IC1566-MDT,CRE-IC1566-MDT REV A   ALIGNMENT FIXTURE - 12 & 14 WAY SIZE 'A' - CONNECTOR BODY (NATURAL ACETAL),C R ENCAPSULATION LIMITED,2.83,40,MILL,17/03/2021,
58814/2.01,MILLING,MP/CRE1/CRE-IC1201-MDT,CRE-IC1201-MDT REV C   SIZE A MALE INSERT 4-WAY  (BLACK PEEK),C R ENCAPSULATION LIMITED,1.25,30,DRILL,17/03/2021,
58814/2.01,TURNING,MP/CRE1/CRE-IC1201-MDT,CRE-IC1201-MDT REV C   SIZE A MALE INSERT 4-WAY  (BLACK PEEK),C R ENCAPSULATION LIMITED,1.75,20,TURN,17/03/2021,
58814/3.01,MILLING,MP/CRE1/CRE-IC1205-MDT,CRE-IC1205-MDT Rev B   SIZE 'A' INSERT MALE 6 WAY (BLACK PEEK),C R ENCAPSULATION LIMITED,1.25,30,DRILLING,17/03/2021,
58814/3.01,TURNING,MP/CRE1/CRE-IC1205-MDT,CRE-IC1205-MDT Rev B   SIZE 'A' INSERT MALE 6 WAY (BLACK PEEK),C R ENCAPSULATION LIMITED,1.75,20,TURN,17/03/2021,
58814/4.01,TURNING,MP/CRE1/CRE-IC1215-MDT,CRE-IC1215-MDT Rev D   SIZE 'B' INSERT FEMALE 12 WAY (BLACK PEEK) ,C R ENCAPSULATION LIMITED,2.42,15,TURN,17/03/2021,
58814/4.01,MILLING,MP/CRE1/CRE-IC1215-MDT,CRE-IC1215-MDT Rev D   SIZE 'B' INSERT FEMALE 12 WAY (BLACK PEEK) ,C R ENCAPSULATION LIMITED,2.83,20,MILL,17/03/2021,
58814/5.01,TURNING,MP/CRE1/CRE-IC1262-MDT,CRE-IC1262-MDT REV B   MINI CONNECTOR 7 WAY EPOXY FEMALE INSERT,C R ENCAPSULATION LIMITED,2.53,20,TURN,17/03/2021,
58814/5.01,MILLING,MP/CRE1/CRE-IC1262-MDT,CRE-IC1262-MDT REV B   MINI CONNECTOR 7 WAY EPOXY FEMALE INSERT,C R ENCAPSULATION LIMITED,2.88,30,MILL,17/03/2021,
58814/6.01,TURNING,MP/CRE1/CRE-IC1229-MDT,CRE-IC1229-MDT Rev B   SIZE 'B' INSERT MALE 18 WAY (BLACK PEEK),C R ENCAPSULATION LIMITED,1.75,20,TURN,17/03/2021,
58814/6.01,MILLING,MP/CRE1/CRE-IC1229-MDT,CRE-IC1229-MDT Rev B   SIZE 'B' INSERT MALE 18 WAY (BLACK PEEK),C R ENCAPSULATION LIMITED,2.5,30,MILL,17/03/2021,
58814/7.01,TURNING,MP/CRE1/CRE-IC1265-MDT,CRE-IC1265-MDT REV A   MINI CONNECTOR 4 WAY EPOXY MALE INSERT,C R ENCAPSULATION LIMITED,2.22,20,TURN,17/03/2021,
58814/7.01,MILLING,MP/CRE1/CRE-IC1265-MDT,CRE-IC1265-MDT REV A   MINI CONNECTOR 4 WAY EPOXY MALE INSERT,C R ENCAPSULATION LIMITED,2.33,30,MILL,17/03/2021,
58814/8.01,MILLING,MP/CRE1/CRE-IC1266-MDT,CRE-IC1266-MDT REV B   MINI CONNECTOR 4 WAY FEMALE INSERT (EPOXY SIZE A),C R ENCAPSULATION LIMITED,1.75,30,MILL,17/03/2021,
58814/8.01,TURNING,MP/CRE1/CRE-IC1266-MDT,CRE-IC1266-MDT REV B   MINI CONNECTOR 4 WAY FEMALE INSERT (EPOXY SIZE A),C R ENCAPSULATION LIMITED,1.61,20,TURN,17/03/2021,
58814/9.01,MILLING,MP/CRE1/CRE-IC1327-MDT,CRE-IC1327-MDT REV B   SIZE 'B' FEMALE INSERT 13WAY (EPOXY),C R ENCAPSULATION LIMITED,2.17,30,MILL,17/03/2021,
58814/9.01,TURNING,MP/CRE1/CRE-IC1327-MDT,CRE-IC1327-MDT REV B   SIZE 'B' FEMALE INSERT 13WAY (EPOXY),C R ENCAPSULATION LIMITED,1.67,20,TURN,17/03/2021,
58839/1.01,MILLING,MP/CAI1/C0423/SP8,"C0423 SP8 REV P1   MATERIAL - NATURAL CAST NYLON, MACHINED TO DRAWING",CAIRNHILL STRUCTURES,11,30,MILL  R192 70DP,17/03/2021,
58839/2.01,MILLING,MP/CAI1/C0423/SP15,"C0423 SP15 REV P1   MATERIAL - NATURAL CAST NYLON, MACHINED TO DRAWING",CAIRNHILL STRUCTURES,11,30,MILL  R192 70DP,17/03/2021,
58839/3.01,MILLING,MP/CAI1/C0423/SP18,"C0423 SP18 REV P1   MATERIAL - NATURAL CAST NYLON, MACHINED TO DRAWING",CAIRNHILL STRUCTURES,11,30,MILL  R192 70DP,17/03/2021,
58839/1.01,MILLING,MP/CAI1/C0423/SP8,"C0423 SP8 REV P1   MATERIAL - NATURAL CAST NYLON, MACHINED TO DRAWING",CAIRNHILL STRUCTURES,11,40,MILL INSUDE DETAIL DON'T FIN R184,18/03/2021,
58839/2.01,MILLING,MP/CAI1/C0423/SP15,"C0423 SP15 REV P1   MATERIAL - NATURAL CAST NYLON, MACHINED TO DRAWING",CAIRNHILL STRUCTURES,11,40,MILL INSUDE DETAIL DON'T FIN R184,18/03/2021,
58839/3.01,MILLING,MP/CAI1/C0423/SP18,"C0423 SP18 REV P1   MATERIAL - NATURAL CAST NYLON, MACHINED TO DRAWING",CAIRNHILL STRUCTURES,11,40,MILL INSUDE DETAIL DON'T FIN R184,18/03/2021,
58839/1.01,MILLING,MP/CAI1/C0423/SP8,"C0423 SP8 REV P1   MATERIAL - NATURAL CAST NYLON, MACHINED TO DRAWING",CAIRNHILL STRUCTURES,5,50,MILL R184,19/03/2021,
58839/2.01,MILLING,MP/CAI1/C0423/SP15,"C0423 SP15 REV P1   MATERIAL - NATURAL CAST NYLON, MACHINED TO DRAWING",CAIRNHILL STRUCTURES,5,50,MILL R184,19/03/2021,
58839/3.01,MILLING,MP/CAI1/C0423/SP18,"C0423 SP18 REV P1   MATERIAL - NATURAL CAST NYLON, MACHINED TO DRAWING",CAIRNHILL STRUCTURES,5,50,MILL R184,19/03/2021,
58387/1.01,MANUAL MACHINING,MP/THA2/POG058218,POG058218 Iss 1   MIRROR STOP,THALES UK LIMITED,0.27,20,PUNCH,23/03/2021,
58831/1.01,TURNING,MP/CRE1/CRE-IC1449-MDT,CRE-IC1449-MDT REV B   INSERT SIZE 'B' 4 WAY FEMALE HYBRID BACK PRESSURE (EPOXY),C R ENCAPSULATION LIMITED,1,20,TURN,23/03/2021,
58831/1.01,MILLING,MP/CRE1/CRE-IC1449-MDT,CRE-IC1449-MDT REV B   INSERT SIZE 'B' 4 WAY FEMALE HYBRID BACK PRESSURE (EPOXY),C R ENCAPSULATION LIMITED,1.21,30,MILL,23/03/2021,
58736/2.01,TURNING,MP/DIN1/3in/TOPPO,"3"" TOPPO,  To Sample",DINGBRO LTD,38.25,20,TURN,24/03/2021,
58743/2.01,TURNING,MP/OCE1/0293579,0293579 REV E  DISTANCE PLATE WELLHEAD CLEANING TOOL (BLACK ACETAL),OCEANEERING INTERNATIONAL SERVICES LTD,0.75,20,TURN,25/03/2021,
58743/2.01,MILLING,MP/OCE1/0293579,0293579 REV E  DISTANCE PLATE WELLHEAD CLEANING TOOL (BLACK ACETAL),OCEANEERING INTERNATIONAL SERVICES LTD,0.92,30,MILL,25/03/2021,
58743/3.01,TURNING,MP/OCE1/0297142,0297142  Rev C VERTICAL DOCKING INDICATOR 18 3/4 WELLHEAD CLEANING TOOL  (WHITE ACETAL),OCEANEERING INTERNATIONAL SERVICES LTD,0.8,20,TURN,25/03/2021,
58743/3.01,TURNING,MP/OCE1/0297142,0297142  Rev C VERTICAL DOCKING INDICATOR 18 3/4 WELLHEAD CLEANING TOOL  (WHITE ACETAL),OCEANEERING INTERNATIONAL SERVICES LTD,0.5,30,MANUFACTURE OF JIG OR FIXTURE,25/03/2021,
58743/3.01,TURNING,MP/OCE1/0297142,0297142  Rev C VERTICAL DOCKING INDICATOR 18 3/4 WELLHEAD CLEANING TOOL  (WHITE ACETAL),OCEANEERING INTERNATIONAL SERVICES LTD,0.07,40,TURN,25/03/2021,
58743/3.01,MILLING,MP/OCE1/0297142,0297142  Rev C VERTICAL DOCKING INDICATOR 18 3/4 WELLHEAD CLEANING TOOL  (WHITE ACETAL),OCEANEERING INTERNATIONAL SERVICES LTD,0.58,50,ENGRAVE,25/03/2021,
58743/4.01,MILLING,MP/OCE1/0309291,"0309291 REV B BRACKET 2 FILTER 18 3/4"" WELLHEAD CLEANING TOOL (BLACK ACETAL)",OCEANEERING INTERNATIONAL SERVICES LTD,0.92,20,MILL,25/03/2021,
58743/5.01,MILLING,MP/OCE1/0309339,0309339  Rev B SPACER FOR RECEPTACLE WING HUB CLEANING TOOL 12 INCH,OCEANEERING INTERNATIONAL SERVICES LTD,1.67,20,MILL,25/03/2021,
58743/6.01,MILLING,MP/OCE1/0297173,"0297173  REV D, DOCKING INDICATOR TOP (BLACK ACETAL)",OCEANEERING INTERNATIONAL SERVICES LTD,0.98,30,MILL,25/03/2021,
58743/6.01,TURNING,MP/OCE1/0297173,"0297173  REV D, DOCKING INDICATOR TOP (BLACK ACETAL)",OCEANEERING INTERNATIONAL SERVICES LTD,0.85,20,TURN,25/03/2021,
58839/8.01,CNC ROUTERS,MP/CAI1/C0423/P5049,"C0423 P5049 REV P1   MATERIAL - NATURAL NYLON 66, MACHINED TO DRAWING",CAIRNHILL STRUCTURES,1.42,20,CNC ROUTER,26/03/2021,
58839/8.01,MANUAL MACHINING,MP/CAI1/C0423/P5049,"C0423 P5049 REV P1   MATERIAL - NATURAL NYLON 66, MACHINED TO DRAWING",CAIRNHILL STRUCTURES,0.33,30,FINISH,26/03/2021,
58839/9.01,CNC ROUTERS,MP/CAI1/C0423/P5051,"C0423 P5051 REV P2   MATERIAL - NATURAL NYLON 66, MACHINED TO DRAWING",CAIRNHILL STRUCTURES,1.42,20,CNC ROUTER,26/03/2021,
58839/9.01,MANUAL MACHINING,MP/CAI1/C0423/P5051,"C0423 P5051 REV P2   MATERIAL - NATURAL NYLON 66, MACHINED TO DRAWING",CAIRNHILL STRUCTURES,0.33,30,FINISH,26/03/2021,
58679/2.01,PRESS/SEALING,GR/DIA1/396742010A,"GRAPHITE PACKING SET 3.062"" x 2.312"" (SPLIT) 396742-0120 REV A - GROUP A (SPLIT)
Tariff Code 84818090
UK MANUFACTURE",DIAMOND POWER SPECIALTY LTD,0,10,"CHECK MATERIAL,DRAWING & REV NO",31/03/2021,
58679/2.01,PRESS/SEALING,GR/DIA1/396742010A,"GRAPHITE PACKING SET 3.062"" x 2.312"" (SPLIT) 396742-0120 REV A - GROUP A (SPLIT)
Tariff Code 84818090
UK MANUFACTURE",DIAMOND POWER SPECIALTY LTD,12.5,20,PRESS/SEALING,02/04/2021,
58732/1.01,TURNING,MP/DIA1/398011-0120,"398011-0120 Rev B   BEARING, SQUARE SHAFT, 1K4M",DIAMOND POWER SPECIALTY LTD,7.67,20,TURN,13/04/2021,
58568/1.01,TURNING,MP/IMP2/0000-0515,"0000-0515 Rev 01   DOCKING PROBE NOSE (ACETAL, BLACK)",FUGRO GB (NORTH) MARINE LTD,0.33,60,TURN,15/04/2021,
58568/1.01,MILLING,MP/IMP2/0000-0515,"0000-0515 Rev 01   DOCKING PROBE NOSE (ACETAL, BLACK)",FUGRO GB (NORTH) MARINE LTD,0.67,50,MILL,15/04/2021,
58568/1.01,MILLING,MP/IMP2/0000-0515,"0000-0515 Rev 01   DOCKING PROBE NOSE (ACETAL, BLACK)",FUGRO GB (NORTH) MARINE LTD,1.08,40,MILL,15/04/2021,
58568/1.01,TURNING,MP/IMP2/0000-0515,"0000-0515 Rev 01   DOCKING PROBE NOSE (ACETAL, BLACK)",FUGRO GB (NORTH) MARINE LTD,0.2,30,TURN,15/04/2021,
58568/1.01,TURNING,MP/IMP2/0000-0515,"0000-0515 Rev 01   DOCKING PROBE NOSE (ACETAL, BLACK)",FUGRO GB (NORTH) MARINE LTD,0.88,20,TURN,15/04/2021,
58568/2.01,MILLING,MP/IMP2/8069-0500,"8069-0500 Rev 02   CAMERA HOLDER, HALF CLAMP (HDPE, NATURAL)",FUGRO GB (NORTH) MARINE LTD,0.4,50,MILL HOLES & C-BORES,15/04/2021,
58568/2.01,MILLING,MP/IMP2/8069-0500,"8069-0500 Rev 02   CAMERA HOLDER, HALF CLAMP (HDPE, NATURAL)",FUGRO GB (NORTH) MARINE LTD,2.53,40,MILL FLAT,15/04/2021,
58568/2.01,MILLING,MP/IMP2/8069-0500,"8069-0500 Rev 02   CAMERA HOLDER, HALF CLAMP (HDPE, NATURAL)",FUGRO GB (NORTH) MARINE LTD,0.7,30,MILL,15/04/2021,
58568/2.01,TURNING,MP/IMP2/8069-0500,"8069-0500 Rev 02   CAMERA HOLDER, HALF CLAMP (HDPE, NATURAL)",FUGRO GB (NORTH) MARINE LTD,1.42,20,TURN,15/04/2021,
58706/1.01,TURNING,MP/MET3/771-114,"771-114  Rev B   MOUNT BLOCK, ELECTRICAL CONNECTOR, M14.5x1 P, 37mm LG  (PEEK 450G) ",METROL TECHNOLOGY LIMITED,2.25,20,TURN,15/04/2021,
58706/1.01,MILLING,MP/MET3/771-114,"771-114  Rev B   MOUNT BLOCK, ELECTRICAL CONNECTOR, M14.5x1 P, 37mm LG  (PEEK 450G) ",METROL TECHNOLOGY LIMITED,3.75,30,MILL,15/04/2021,
58706/2.01,TURNING,MP/MET3/771-018,"771-018  Rev B   MOUNT BLOCK, ELECTRICAL CONNECTOR, M14.5x1 P, 24mm LG  (PEEK 450G) ",METROL TECHNOLOGY LIMITED,1.42,20,TURN,15/04/2021,
58706/2.01,MILLING,MP/MET3/771-018,"771-018  Rev B   MOUNT BLOCK, ELECTRICAL CONNECTOR, M14.5x1 P, 24mm LG  (PEEK 450G) ",METROL TECHNOLOGY LIMITED,0.75,30,MANUFACTURE OF JIG OR FIXTURE,15/04/2021,
58706/2.01,MILLING,MP/MET3/771-018,"771-018  Rev B   MOUNT BLOCK, ELECTRICAL CONNECTOR, M14.5x1 P, 24mm LG  (PEEK 450G) ",METROL TECHNOLOGY LIMITED,1.25,40,MILL,15/04/2021,
58732/1.01,MILLING,MP/DIA1/398011-0120,"398011-0120 Rev B   BEARING, SQUARE SHAFT, 1K4M",DIAMOND POWER SPECIALTY LTD,27.67,30,MILL,16/04/2021,
58748/3.01,TURNING,MP/MET3/771-067,"771-067  Rev A   CONNECTION INSULATOR, 12.425mm OD, 110.5mm LG  (PEEK GF30)",METROL TECHNOLOGY LIMITED,5.5,20,TURN,19/04/2021,
58748/3.01,TURNING,MP/MET3/771-067,"771-067  Rev A   CONNECTION INSULATOR, 12.425mm OD, 110.5mm LG  (PEEK GF30)",METROL TECHNOLOGY LIMITED,0.75,30,"
MANUFACTURE OF JIG OR FIXTURE",19/04/2021,
58748/3.01,TURNING,MP/MET3/771-067,"771-067  Rev A   CONNECTION INSULATOR, 12.425mm OD, 110.5mm LG  (PEEK GF30)",METROL TECHNOLOGY LIMITED,1.75,40,TURN,19/04/2021,
58748/1.01,MILLING,MP/MET3/771-069,"771-069 Rev B   SOCKET INSULATOR, 12.425mm OD, 4mm ID, 52.5mm LG  (PEEK GF30)",METROL TECHNOLOGY LIMITED,2.42,30,MILL,20/04/2021,
58748/1.01,TURNING,MP/MET3/771-069,"771-069 Rev B   SOCKET INSULATOR, 12.425mm OD, 4mm ID, 52.5mm LG  (PEEK GF30)",METROL TECHNOLOGY LIMITED,5,20,TURN,20/04/2021,
58748/2.01,TURNING,MP/MET3/771-113,"771-113 Rev A   CONNECTOR INSULATOR, 12.425mm OD, 49mm LG  (PEEK GF30)",METROL TECHNOLOGY LIMITED,0.75,30,MANUFACTURE OF JIG OR FIXTURE,20/04/2021,
58748/2.01,TURNING,MP/MET3/771-113,"771-113 Rev A   CONNECTOR INSULATOR, 12.425mm OD, 49mm LG  (PEEK GF30)",METROL TECHNOLOGY LIMITED,2.08,20,TURN + CHECK LENGTH,20/04/2021,
58748/2.01,TURNING,MP/MET3/771-113,"771-113 Rev A   CONNECTOR INSULATOR, 12.425mm OD, 49mm LG  (PEEK GF30)",METROL TECHNOLOGY LIMITED,0.83,40,TURN ,20/04/2021,
58748/3.01,MILLING,MP/MET3/771-067,"771-067  Rev A   CONNECTION INSULATOR, 12.425mm OD, 110.5mm LG  (PEEK GF30)",METROL TECHNOLOGY LIMITED,6,50,MILL,20/04/2021,
58803/1.01,MILLING,MP/WEL3/H0JO3777-00,H0JO3777-00 REV B 02  MANIFOLD INTERFACE PROTECTOR F/SIDEMOUNT CLAMP (NATURTAL HDPE),WELL MACHINED Ltd,6,20,MILL,29/04/2021,
58803/1.01,MILLING,MP/WEL3/H0JO3777-00,H0JO3777-00 REV B 02  MANIFOLD INTERFACE PROTECTOR F/SIDEMOUNT CLAMP (NATURTAL HDPE),WELL MACHINED Ltd,2.5,30,MILL,29/04/2021,
58717/1.01,MILLING,MP/MET3/662-035,662-035 Rev A   THREAD PROTECTOR  (Black Acetal),METROL TECHNOLOGY LIMITED,0.9,30,ENGRAVE,30/04/2021,
58717/1.01,TURNING,MP/MET3/662-035,662-035 Rev A   THREAD PROTECTOR  (Black Acetal),METROL TECHNOLOGY LIMITED,1.67,20,TURN,30/04/2021,
58717/2.01,TURNING,MP/MET3/738-082,"738-082 REV A   PROTECTOR, THREADED, SEALING, CAP, 32mm OD, M27x1 B (ACETAL RESIN, DELRIN, BLACK)",METROL TECHNOLOGY LIMITED,1.93,20,TURN,30/04/2021,
58717/2.01,MILLING,MP/MET3/738-082,"738-082 REV A   PROTECTOR, THREADED, SEALING, CAP, 32mm OD, M27x1 B (ACETAL RESIN, DELRIN, BLACK)",METROL TECHNOLOGY LIMITED,1.68,30,MILL,30/04/2021,
58717/3.01,MILLING,MP/MET3/738-031,"738-031 Rev A   PROTECTOR, THREADED, SEALING, CAP, 32mm OD, M20x1.5 B  (Black Acetal)",METROL TECHNOLOGY LIMITED,1.42,50,MILL,30/04/2021,
58717/3.01,TURNING,MP/MET3/738-031,"738-031 Rev A   PROTECTOR, THREADED, SEALING, CAP, 32mm OD, M20x1.5 B  (Black Acetal)",METROL TECHNOLOGY LIMITED,0.75,40,MANUFACTURE OF JIG OR FIXTURE,30/04/2021,
58717/3.01,TURNING,MP/MET3/738-031,"738-031 Rev A   PROTECTOR, THREADED, SEALING, CAP, 32mm OD, M20x1.5 B  (Black Acetal)",METROL TECHNOLOGY LIMITED,0.67,30,TURN,30/04/2021,
58717/3.01,TURNING,MP/MET3/738-031,"738-031 Rev A   PROTECTOR, THREADED, SEALING, CAP, 32mm OD, M20x1.5 B  (Black Acetal)",METROL TECHNOLOGY LIMITED,1.42,20,TURN,30/04/2021,
58717/4.01,MILLING,MP/MET3/738-029,"738-029 Rev A   PROTECTOR, SEALING, CAP, 40mm OD  (Black Acetal)",METROL TECHNOLOGY LIMITED,1.42,30,MILL,30/04/2021,
58717/4.01,MILLING,MP/MET3/738-029,"738-029 Rev A   PROTECTOR, SEALING, CAP, 40mm OD  (Black Acetal)",METROL TECHNOLOGY LIMITED,0.67,40,MILL,30/04/2021,
58717/4.01,TURNING,MP/MET3/738-029,"738-029 Rev A   PROTECTOR, SEALING, CAP, 40mm OD  (Black Acetal)",METROL TECHNOLOGY LIMITED,1.68,20,TURN,30/04/2021,
58721/1.01,MILLING,MP/MET3/738-032,"738-032 Rev A   PROTECTOR, THREADED, SEALING, CAP, 32mm OD, 7/8-20 UNEF B  (Black Acetal)",METROL TECHNOLOGY LIMITED,1.38,30,MILL,03/05/2021,
58721/1.01,TURNING,MP/MET3/738-032,"738-032 Rev A   PROTECTOR, THREADED, SEALING, CAP, 32mm OD, 7/8-20 UNEF B  (Black Acetal)",METROL TECHNOLOGY LIMITED,1.63,20,TURN,03/05/2021,
58721/2.01,TURNING,MP/MET3/702-011,"702-011 Rev A   INSULATOR PLUG, BATTERY PACK POMONA, 14mm OD, 19mm LG  (PEEK GF30)",METROL TECHNOLOGY LIMITED,1.63,20,TURN,03/05/2021,
58776/2.01,MILLING,MP/HYD5/059653HYD,"059653HYD REV 0, CLAMP BODY - 6"" BEND STIFFENER (BLACK ACETAL) C/W  SPACER 300mm LONG X 32mm WIDE WITH HOLES
",HYDRASUN LTD,18,20,MILL BLOCK & DRILL,03/05/2021,
58776/1.01,MILLING,MP/HYD5/059616HYD,"059616HYD REV 0, CLAMP BODY - 8"" BEND STIFFENER (BLACK ACETAL) C/W  SPACER 300mm LONG X 32mm WIDE WITH HOLES
",HYDRASUN LTD,7,20,MILL BLOCK & DRILL,05/05/2021,
58776/2.01,MILLING,MP/HYD5/059653HYD,"059653HYD REV 0, CLAMP BODY - 6"" BEND STIFFENER (BLACK ACETAL) C/W  SPACER 300mm LONG X 32mm WIDE WITH HOLES
",HYDRASUN LTD,18,30,MILL BORE,05/05/2021,
58776/3.01,MILLING,MP/HYD5/059654HYD,"059654HYD REV 0, CLAMP BODY - 3"" BEND STIFFENER (BLACK ACETAL) C/W SPACER 300mm LONG X 32mm WIDE WITH HOLES
",HYDRASUN LTD,7,20,MILL BLOCK & DRILL,05/05/2021,
58776/1.01,MILLING,MP/HYD5/059616HYD,"059616HYD REV 0, CLAMP BODY - 8"" BEND STIFFENER (BLACK ACETAL) C/W  SPACER 300mm LONG X 32mm WIDE WITH HOLES
",HYDRASUN LTD,7,30,MILL BORE,06/05/2021,
58776/3.01,MILLING,MP/HYD5/059654HYD,"059654HYD REV 0, CLAMP BODY - 3"" BEND STIFFENER (BLACK ACETAL) C/W SPACER 300mm LONG X 32mm WIDE WITH HOLES
",HYDRASUN LTD,7,30,MILL BORE,06/05/2021,
58776/1.01,MILLING,MP/HYD5/059616HYD,"059616HYD REV 0, CLAMP BODY - 8"" BEND STIFFENER (BLACK ACETAL) C/W  SPACER 300mm LONG X 32mm WIDE WITH HOLES
",HYDRASUN LTD,7,40,MILL TAPER,07/05/2021,
58776/2.01,MILLING,MP/HYD5/059653HYD,"059653HYD REV 0, CLAMP BODY - 6"" BEND STIFFENER (BLACK ACETAL) C/W  SPACER 300mm LONG X 32mm WIDE WITH HOLES
",HYDRASUN LTD,18,40,MILL TAPER,07/05/2021,
58776/3.01,MILLING,MP/HYD5/059654HYD,"059654HYD REV 0, CLAMP BODY - 3"" BEND STIFFENER (BLACK ACETAL) C/W SPACER 300mm LONG X 32mm WIDE WITH HOLES
",HYDRASUN LTD,7,40,MILL TAPER,07/05/2021,
57078/7.01,MANUAL MACHINING,MP/THA2/LDUK10041218-003,"GLUE DAM FORWARD/REAR, LDUK10041218-003 iss 1 (PORON 4790-92-20081-04P)",THALES UK LIMITED,1.17,20,PUNCH,12/05/2021,
57078/7.01,MANUAL MACHINING,MP/THA2/LDUK10041218-003,"GLUE DAM FORWARD/REAR, LDUK10041218-003 iss 1 (PORON 4790-92-20081-04P)",THALES UK LIMITED,1,30,BAG AND TAG,12/05/2021,
58492/2.01,MILLING,MP/WAL3/01-00113X02,01-00113X02 Rev 00   SSPA SIDE PLATE SPACER (PEEK 30% GLASS FILLED),WALKER PRECISION ENGINEERING Ltd,14.5,20,MILL,24/06/2021,
58492/2.01,TURNING,MP/WAL3/01-00113X02,01-00113X02 Rev 00   SSPA SIDE PLATE SPACER (PEEK 30% GLASS FILLED),WALKER PRECISION ENGINEERING Ltd,19.08,30,TURN,28/06/2021,
